ATM_ID,Location_Type,Manufacturer,Year_of_Installation,Service_Contract_Type,Last_Maintenance_Date,Frequency_of_Maintenance,Downtime_Duration_hours,Number_of_Incidents,Maintenance_Costs_USD,Transaction_Volumes,Average_Withdrawal_Amount,Card_Reader_Error_Rate_percent,Cash_Dispenser_Jam_Rate_percent,ATM_Age_Years
ATM_1,Standalone,Wincor Nixdorf,2009,Parts-Only,10-06-2016,2,30.59,1,478.33,4692,81.27,2.37,2.23,14
ATM_2,Airport,Wincor Nixdorf,2014,Full-Service,28-09-2022,4,42.31,2,298.51,11768,93.71,0.7,1.88,17
ATM_3,Standalone,Wincor Nixdorf,2008,Self-Service,06-12-2020,3,67.49,7,656,10191,109.76,2.46,3.42,11
ATM_4,Airport,Diebold,2002,Self-Service,07-09-2016,2,58.26,5,517,10191,91.29,1.86,2.43,13
ATM_5,Standalone,Diebold,2009,Full-Service,15-11-2009,2,39.61,3,504.05,11274,94.51,3.4,0.76,22
ATM_6,Standalone,Diebold,2010,Parts-Only,24-03-2012,0,51.38,1,348.31,17975,93.83,3.82,1.46,12
ATM_7,Standalone,Diebold,2017,Full-Service,05-11-2014,2,61.75,1,704.73,2100,122.25,3.78,3.78,18
ATM_8,Airport,NCR,2011,Parts-Only,18-04-2013,0,95.08,2,514.99,13361,80.55,3.57,1.66,12
ATM_9,Standalone,Diebold,2013,Self-Service,03-06-2000,2,47.91,6,805.8,8088,106.69,2.53,1.83,1
ATM_10,Bank Branch,Diebold,2014,Self-Service,21-02-2011,0,47.84,3,523.4,7936,100.91,2.6,4.28,2
ATM_11,Airport,NCR,2008,Self-Service,05-09-2015,1,33.63,0,456.05,12570,94.69,3.8,0.8,12
ATM_12,Airport,Wincor Nixdorf,2007,Parts-Only,10-07-2008,2,36.42,4,588.64,19984,103.58,3.85,2.99,21
ATM_13,Airport,NCR,2019,Self-Service,03-06-2000,0,72.82,4,211.35,14636,109.81,2.65,4.35,16
ATM_14,Shopping Mall,Wincor Nixdorf,2010,Parts-Only,20-02-2001,1,50.52,3,825.78,12784,88.79,1.16,0.21,12
ATM_15,Shopping Mall,Wincor Nixdorf,2013,Self-Service,10-10-2000,1,54.29,5,630.32,1712,121.78,4.95,1.81,11
ATM_16,Standalone,Diebold,2012,Self-Service,21-07-2007,1,48.58,1,544.01,12293,100.57,0.98,3.2,17
ATM_17,Shopping Mall,NCR,2022,Self-Service,21-12-2007,0,40.55,2,504.05,13425,100.65,2.65,4.83,12
ATM_18,Standalone,NCR,2019,Self-Service,24-10-2002,2,58.43,3,552.58,7299,81.94,0.75,0.54,23
ATM_19,Airport,Diebold,2000,Parts-Only,19-01-2017,1,62.74,1,175.63,9362,112.34,2.65,3.53,16
ATM_20,Bank Branch,Diebold,2021,Parts-Only,15-06-2014,1,57.85,2,225.69,10191,74.67,4.82,4.03,1
ATM_21,Standalone,NCR,2019,Full-Service,08-07-2011,2,69.08,1,445.46,5525,102.71,3.56,2.6,20
ATM_22,Standalone,NCR,2005,Full-Service,04-03-2009,1,62.54,2,705.83,7270,53.82,0.96,0.11,6
ATM_23,Bank Branch,Wincor Nixdorf,2018,Full-Service,16-01-2006,2,41.78,1,692.36,6774,140.04,0.24,0.93,13
ATM_24,Bank Branch,Wincor Nixdorf,2005,Full-Service,10-07-2005,0,48.08,2,541.64,3547,124.92,2.65,4.34,5
ATM_25,Shopping Mall,Diebold,2013,Parts-Only,31-01-2020,1,50.49,3,510.19,1063,100.65,4.81,1.14,21
ATM_26,Standalone,Diebold,2012,Parts-Only,07-09-2020,1,50.75,3,559.37,12280,85.39,2.65,4.43,18
ATM_27,Bank Branch,NCR,2014,Self-Service,26-10-2020,2,65.87,2,328.59,1542,100.3,2.33,2.71,6
ATM_28,Standalone,Wincor Nixdorf,2022,Self-Service,02-08-2002,2,53.43,1,484.03,19591,102.34,4.53,2.6,22
ATM_29,Standalone,Wincor Nixdorf,2012,Parts-Only,17-01-2002,2,49.66,0,229.31,13170,116.89,0.28,3.27,16
ATM_30,Standalone,Diebold,2022,Self-Service,09-07-2003,3,54.22,3,258.86,11006,106.2,0.94,0.57,10
ATM_31,Shopping Mall,Diebold,2017,Self-Service,25-12-2014,1,50.49,4,612.66,9236,102.49,4.33,1.13,12
ATM_32,Airport,NCR,2000,Full-Service,14-04-2017,2,50.49,10,665.49,7073,80.2,4.5,0.33,12
ATM_33,Standalone,NCR,2004,Full-Service,03-06-2000,0,50.49,5,450.89,6658,99.63,2.1,3.38,22
ATM_34,Standalone,Diebold,2008,Full-Service,31-05-2024,2,50.49,3,205.79,18870,105.79,2.16,2.88,11
ATM_35,Shopping Mall,Diebold,2023,Full-Service,03-06-2000,3,17.5,2,465.05,17802,108.71,3.62,4.94,8
ATM_36,Standalone,Diebold,2012,Self-Service,06-12-2000,3,55.86,1,758.53,10191,124.94,4.47,0.14,16
ATM_37,Bank Branch,NCR,2009,Self-Service,03-06-2000,2,35.73,3,451.11,10489,115.55,0.13,4.69,17
ATM_38,Shopping Mall,Wincor Nixdorf,2020,Parts-Only,03-06-2000,2,48.34,2,504.05,19273,96.21,2.65,3.81,5
ATM_39,Standalone,Diebold,2012,Parts-Only,23-01-2013,1,50.73,1,664.18,14268,116,2.34,0.26,1
ATM_40,Bank Branch,Diebold,2005,Self-Service,07-10-2022,4,46.75,4,545.75,15666,100.65,2.32,2.01,12
ATM_41,Bank Branch,NCR,2015,Parts-Only,07-03-2002,1,58,3,504.05,10191,84.04,4,1.46,5
ATM_42,Shopping Mall,Diebold,2011,Self-Service,29-04-2015,1,50.49,0,540.93,5103,111.47,0.26,1.56,0
ATM_43,Standalone,Diebold,2015,Parts-Only,11-05-2022,4,25.52,6,466.29,3032,104.31,4.17,3.33,8
ATM_44,Standalone,Wincor Nixdorf,2004,Parts-Only,11-08-2007,3,66.66,1,432.46,10410,112.36,2.65,2.14,8
ATM_45,Airport,NCR,2010,Parts-Only,08-02-2004,4,56.17,1,280.16,2417,111.19,3.03,0.58,0
ATM_46,Bank Branch,Wincor Nixdorf,2019,Full-Service,03-06-2000,2,53.85,2,311.43,8548,104.55,0.56,2,3
ATM_47,Airport,Diebold,2010,Parts-Only,13-03-2012,4,25.52,5,360.44,10838,123.59,2.88,2.48,10
ATM_48,Airport,Diebold,2007,Self-Service,13-12-2017,0,56.81,3,459.88,13571,93.03,3.02,0.24,2
ATM_49,Standalone,NCR,2015,Full-Service,23-06-2018,1,8.2,5,462.05,5144,70.84,0.63,4.83,7
ATM_50,Standalone,NCR,2012,Full-Service,04-09-2003,2,51.41,2,404.63,9607,103.14,2.75,3.15,10
ATM_51,Standalone,Diebold,2002,Self-Service,04-12-2001,2,55.39,2,668,3503,145.98,0.73,3.84,12
ATM_52,Standalone,Diebold,2002,Full-Service,06-11-2021,4,34.72,3,501.22,1642,37.96,4.53,1.93,5
ATM_53,Shopping Mall,Diebold,2008,Self-Service,24-07-2005,2,55.95,3,409.46,6679,119.11,3.35,2.6,19
ATM_54,Bank Branch,Diebold,2014,Self-Service,04-04-2023,0,64.83,3,706,19504,118.65,4.91,0.06,1
ATM_55,Airport,NCR,2003,Self-Service,03-06-2000,1,62.96,3,690.34,18702,100.73,4.52,1.27,3
ATM_56,Shopping Mall,NCR,2004,Parts-Only,07-11-2015,2,59.48,1,554.38,11003,112.83,1.91,1.43,1
ATM_57,Bank Branch,Diebold,2011,Full-Service,28-11-2000,5,20.64,4,433.89,9171,123.24,2.2,4.79,19
ATM_58,Airport,Wincor Nixdorf,2023,Parts-Only,04-12-2001,1,28.04,4,393.16,12560,94.48,3.75,2.57,14
ATM_59,Shopping Mall,Wincor Nixdorf,2011,Full-Service,03-06-2000,1,45.06,3,494.25,13946,120.06,2.87,2.6,7
ATM_60,Standalone,Diebold,2007,Self-Service,13-03-2015,0,35.19,4,517.81,4183,101.96,4.83,3.68,1
ATM_61,Shopping Mall,NCR,2012,Self-Service,29-08-2004,0,22.14,5,503.42,4473,99.83,4.13,1.52,12
ATM_62,Airport,Diebold,2002,Self-Service,15-07-2024,4,50.49,4,543.14,8454,148.08,1.81,4.1,23
ATM_63,Airport,Wincor Nixdorf,2021,Full-Service,23-08-2020,1,43.66,2,489.57,12101,95.65,0.1,0.14,11
ATM_64,Shopping Mall,NCR,2000,Self-Service,27-11-2000,1,76.37,5,593.94,16001,79.34,1.36,4.38,14
ATM_65,Bank Branch,Diebold,2016,Self-Service,21-12-2022,1,54.89,2,583.13,10191,84.24,3.96,2.6,4
ATM_66,Shopping Mall,NCR,2012,Self-Service,07-07-2023,2,40.67,1,379.83,1284,97.99,1.97,1.53,16
ATM_67,Bank Branch,Wincor Nixdorf,2008,Full-Service,06-09-2021,1,43.77,4,504.05,18515,119.18,2.65,0.81,18
ATM_68,Airport,Diebold,2017,Full-Service,27-11-2006,2,60.78,6,662.83,13846,115.57,0.85,4.76,17
ATM_69,Bank Branch,Diebold,2014,Full-Service,24-01-2017,1,54.86,0,418.08,10196,107.69,4.74,1.87,12
ATM_70,Airport,Wincor Nixdorf,2020,Self-Service,10-02-2009,2,66.79,3,293.36,10275,100.65,1.17,1.36,15
ATM_71,Shopping Mall,Diebold,2004,Parts-Only,27-07-2007,4,57.93,5,541.02,11587,96.93,2.72,3.06,8
ATM_72,Standalone,Wincor Nixdorf,2009,Full-Service,22-09-2003,3,58.77,2,504.05,15783,100.65,2.27,2.01,12
ATM_73,Shopping Mall,NCR,2017,Self-Service,06-10-2014,2,49.64,2,736.95,6181,109.84,0.06,3.99,9
ATM_74,Standalone,NCR,2019,Full-Service,13-08-2009,0,42.84,5,504.05,8995,118.65,1.9,4.34,3
ATM_75,Standalone,Diebold,2012,Full-Service,08-09-2018,2,46.81,3,504.11,14938,98.89,4.68,2.9,12
ATM_76,Shopping Mall,NCR,2002,Parts-Only,25-12-2010,3,36.15,5,348.97,8261,110.18,2.28,2.06,0
ATM_77,Shopping Mall,Diebold,2008,Full-Service,29-05-2023,0,19.66,2,564.3,10225,113.39,2.4,2.6,21
ATM_78,Bank Branch,Wincor Nixdorf,2017,Parts-Only,07-03-2006,3,44.61,3,214.23,6197,100.65,1.19,3.05,15
ATM_79,Standalone,Diebold,2012,Self-Service,28-03-2014,4,50.49,3,443.01,10191,78.81,2.22,2.98,1
ATM_80,Standalone,Wincor Nixdorf,2007,Self-Service,21-03-2002,2,63.32,2,579.8,1175,61.86,1.11,1.31,16
ATM_81,Standalone,NCR,2016,Self-Service,07-04-2001,1,50.49,3,489.12,4617,111.76,3.9,3.93,4
ATM_82,Airport,Diebold,2016,Full-Service,05-10-2015,2,58.71,2,504.05,19334,111.38,4.4,2.74,7
ATM_83,Standalone,Diebold,2012,Self-Service,18-08-2019,1,79.49,6,389.83,10191,106.52,3.9,3.81,12
ATM_84,Shopping Mall,Diebold,2011,Parts-Only,14-07-2021,3,58.58,1,235.46,12410,113.32,3.67,0.36,23
ATM_85,Standalone,Wincor Nixdorf,2017,Full-Service,02-01-2005,4,22.49,1,754.31,6061,69.9,3.39,2.6,14
ATM_86,Shopping Mall,NCR,2005,Full-Service,04-11-2012,3,55.49,3,489.76,15039,100.65,0.6,4.69,8
ATM_87,Shopping Mall,NCR,2022,Self-Service,12-07-2021,0,53.66,2,384.63,10191,120.93,4.42,2.59,7
ATM_88,Standalone,Wincor Nixdorf,2021,Parts-Only,04-06-2019,3,57.93,1,567.63,16465,68.72,1.54,0.45,17
ATM_89,Shopping Mall,NCR,2015,Self-Service,28-10-2007,3,37.52,2,710.61,1209,97.18,2.65,2.6,12
ATM_90,Standalone,Diebold,2022,Full-Service,14-09-2014,0,35.91,3,232.75,10191,100.65,2.05,2.6,22
ATM_91,Bank Branch,Diebold,2014,Full-Service,17-08-2008,1,50.49,4,527.59,6152,122.61,2.65,0.91,20
ATM_92,Airport,NCR,2020,Full-Service,07-07-2007,4,52.88,2,412.37,16914,110.3,0.95,3.62,5
ATM_93,Standalone,Wincor Nixdorf,2009,Parts-Only,27-03-2013,2,57.13,2,563.5,2713,100.65,4.27,3.34,12
ATM_94,Shopping Mall,Diebold,2021,Parts-Only,14-04-2000,2,52.99,1,505.29,3518,58.05,1.38,3.27,12
ATM_95,Airport,Wincor Nixdorf,2003,Full-Service,02-06-2005,1,39.96,9,674.2,7737,72.85,3.9,4.79,12
ATM_96,Bank Branch,Wincor Nixdorf,2014,Full-Service,13-12-2016,3,43.87,2,485.33,1909,98.48,4.42,1.11,20
ATM_97,Standalone,Diebold,2002,Self-Service,29-06-2013,1,37.17,5,752.09,9070,90.61,0.59,3.66,20
ATM_98,Bank Branch,Diebold,2000,Self-Service,28-05-2004,1,39.66,4,416.1,18904,143.39,1.52,2.27,11
ATM_99,Bank Branch,Diebold,2007,Parts-Only,19-06-2001,2,39.65,7,676.36,14883,132.84,0.32,3.09,11
ATM_100,Shopping Mall,Diebold,2012,Self-Service,23-09-2006,2,64.56,7,568.5,10191,105.62,2.39,0.85,12
ATM_101,Airport,Wincor Nixdorf,2011,Self-Service,13-02-2009,2,54.88,1,249.61,10385,86.22,1.63,3.62,21
ATM_102,Shopping Mall,NCR,2011,Parts-Only,24-08-2002,1,40.16,3,489.25,11285,113.25,2.65,1.83,22
ATM_103,Bank Branch,NCR,2009,Parts-Only,15-09-2018,0,32.65,3,696.7,10191,100.65,3.2,0.77,13
ATM_104,Standalone,Wincor Nixdorf,2005,Self-Service,26-02-2023,3,50.49,3,602.53,3210,100.65,1.33,3.27,1
ATM_105,Standalone,Diebold,2005,Parts-Only,21-02-2010,6,41.17,1,560,9852,100.12,0.66,0.11,12
ATM_106,Standalone,Wincor Nixdorf,2012,Full-Service,25-01-2001,2,45.63,1,0,13149,45.89,0.41,3.58,17
ATM_107,Shopping Mall,Wincor Nixdorf,2015,Self-Service,02-06-2000,1,51.18,5,748.01,4298,95.16,2.65,3.71,12
ATM_108,Bank Branch,NCR,2012,Self-Service,21-01-2010,2,55.61,5,504.05,16326,89.18,2.67,2.11,15
ATM_109,Standalone,Diebold,2022,Parts-Only,25-04-2013,1,44.22,2,623.49,9750,78.34,3.77,0.65,9
ATM_110,Bank Branch,Diebold,2015,Self-Service,26-07-2023,2,57.94,6,504.05,3737,100.65,3.29,1.22,13
ATM_111,Shopping Mall,Diebold,2017,Full-Service,21-01-2017,0,57.6,1,733.18,17792,87.63,3.43,1.98,2
ATM_112,Shopping Mall,NCR,2001,Parts-Only,03-06-2000,4,52.24,1,700.53,14323,109.2,0.75,2.89,18
ATM_113,Airport,Diebold,2010,Self-Service,31-10-2006,2,37.1,5,558.28,11302,91.47,3.01,0.78,14
ATM_114,Standalone,Wincor Nixdorf,2013,Full-Service,17-09-2020,2,45.11,1,307.41,1742,97.98,4.18,3.3,15
ATM_115,Bank Branch,Diebold,2012,Self-Service,11-05-2012,2,54.03,4,608.25,11602,119.21,2,0.08,4
ATM_116,Bank Branch,Wincor Nixdorf,2013,Self-Service,08-03-2023,0,49.82,5,450.69,3285,62.13,1.12,3.26,3
ATM_117,Standalone,Diebold,2012,Self-Service,08-01-2004,0,49.7,3,503.62,9094,82.95,3.45,4.15,12
ATM_118,Airport,Diebold,2002,Self-Service,14-12-2012,3,51.51,2,689.6,1745,72.37,4.06,2.58,7
ATM_119,Airport,Diebold,2012,Self-Service,03-06-2000,3,50.49,3,673.25,1013,76.08,3.38,0.74,7
ATM_120,Airport,Diebold,2013,Self-Service,23-04-2005,4,45.04,6,489.36,10191,100.65,4.42,4.7,12
ATM_121,Bank Branch,Diebold,2013,Self-Service,03-01-2017,1,50.66,3,751.59,10191,98.98,1.73,2.07,19
ATM_122,Shopping Mall,Wincor Nixdorf,2012,Self-Service,01-10-2007,2,66.34,0,411.45,16170,110.15,2.65,3.86,6
ATM_123,Standalone,Diebold,2019,Self-Service,30-07-2000,1,65.41,1,282.76,9248,119.1,1.49,2.43,12
ATM_124,Bank Branch,Diebold,2000,Full-Service,03-06-2000,0,59.97,8,505.85,11878,98.91,2.65,0.68,12
ATM_125,Shopping Mall,Diebold,2012,Parts-Only,03-06-2000,2,29.71,3,230.62,1464,107.84,2.94,1.22,12
ATM_126,Standalone,Wincor Nixdorf,2018,Self-Service,12-02-2017,1,66.02,1,630.78,2808,123.33,1.15,1.29,12
ATM_127,Airport,Diebold,2013,Parts-Only,19-08-2011,1,33.77,2,480.65,10191,111.35,1.45,4.6,8
ATM_128,Bank Branch,Wincor Nixdorf,2012,Full-Service,04-02-2022,2,35.5,3,544.51,10992,94.02,1.08,3.65,16
ATM_129,Bank Branch,Diebold,2005,Parts-Only,24-06-2002,2,8.02,6,746.28,10040,79.37,3.19,4.12,2
ATM_130,Standalone,NCR,2010,Full-Service,22-09-2010,2,48.8,3,394.44,19368,72.21,2.27,2.3,16
ATM_131,Bank Branch,Diebold,2004,Self-Service,17-04-2010,1,52.81,1,744.25,2738,152.05,0.32,0.08,11
ATM_132,Airport,NCR,2010,Full-Service,07-03-2018,2,62.47,2,595.22,1554,119.41,1.31,1.52,8
ATM_133,Bank Branch,Diebold,2019,Self-Service,03-06-2000,2,81.92,4,484.28,11586,128.84,3.55,2.43,13
ATM_134,Airport,Wincor Nixdorf,2006,Full-Service,21-09-2023,1,46.66,2,514.23,18864,147.22,4.9,0.38,17
ATM_135,Bank Branch,Diebold,2022,Parts-Only,01-01-2024,0,48.65,3,661.87,5691,97.8,2.2,2.59,11
ATM_136,Airport,Diebold,2012,Parts-Only,06-07-2013,3,85.1,4,238.8,10191,67.56,4.72,2.6,11
ATM_137,Shopping Mall,Wincor Nixdorf,2019,Self-Service,25-03-2018,2,15.56,2,443.24,10364,105.39,1.76,2.48,21
ATM_138,Airport,Wincor Nixdorf,2023,Full-Service,05-11-2021,0,34.69,3,504.05,6099,158.91,2.41,0.54,12
ATM_139,Airport,NCR,2016,Full-Service,14-08-2017,4,50.49,2,706.11,14549,98.98,1.37,3.51,23
ATM_140,Bank Branch,Diebold,2015,Full-Service,21-09-2004,0,61.58,5,405,13015,90.47,4.77,3.08,23
ATM_141,Bank Branch,Wincor Nixdorf,2022,Parts-Only,15-02-2001,2,60.33,1,506.87,6196,147.25,3.35,4.27,6
ATM_142,Shopping Mall,Wincor Nixdorf,2013,Self-Service,26-10-2023,0,67.86,6,423.19,18386,109.43,0.97,0.58,1
ATM_143,Bank Branch,Wincor Nixdorf,2020,Parts-Only,03-06-2000,1,54.66,3,496.65,10191,118.31,3.75,0.17,7
ATM_144,Standalone,NCR,2022,Full-Service,03-06-2000,1,27.56,2,504.05,14075,98.95,3.94,1.55,8
ATM_145,Standalone,NCR,2015,Self-Service,23-11-2005,1,49.43,4,510.76,18604,101.83,2.08,2.92,8
ATM_146,Shopping Mall,NCR,2017,Full-Service,22-12-2023,1,57.54,2,301.88,19560,66.43,3.06,1.74,3
ATM_147,Bank Branch,NCR,2022,Full-Service,10-02-2004,0,48.21,5,106.26,12907,120.53,1.6,3.49,23
ATM_148,Standalone,Diebold,2012,Self-Service,07-10-2003,1,63.29,4,552.46,10191,108.39,3.81,2.7,4
ATM_149,Bank Branch,Wincor Nixdorf,2015,Full-Service,11-11-2018,1,50.49,2,529.95,2992,78.08,2.65,2.33,6
ATM_150,Airport,NCR,2003,Self-Service,21-05-2022,0,65.03,0,198.8,14660,86.46,3.01,2.63,8
ATM_151,Standalone,Wincor Nixdorf,2021,Parts-Only,03-06-2000,2,23.99,4,408.51,11177,123.05,3.53,3.36,1
ATM_152,Standalone,Wincor Nixdorf,2001,Full-Service,05-08-2021,2,47.85,4,478.34,3614,124.44,2.65,2.6,21
ATM_153,Standalone,NCR,2009,Parts-Only,13-11-2001,2,58.93,7,296.22,17207,83.35,4.13,4.55,11
ATM_154,Standalone,Diebold,2004,Parts-Only,23-05-2018,2,65.59,4,503.37,7880,89.22,4.39,3.74,16
ATM_155,Bank Branch,Diebold,2003,Full-Service,14-06-2002,5,30.45,4,504.05,18171,120.8,1.13,2.16,0
ATM_156,Standalone,Wincor Nixdorf,2009,Self-Service,01-10-2008,3,40.25,5,517.95,11511,100.65,2.02,3.12,6
ATM_157,Airport,NCR,2002,Self-Service,18-09-2011,0,35.69,3,626.95,8065,87.62,3.22,0.47,22
ATM_158,Bank Branch,Diebold,2000,Full-Service,23-11-2014,2,47.43,5,367.87,3873,100.65,1.23,0.03,4
ATM_159,Bank Branch,Diebold,2022,Self-Service,17-12-2023,2,41.66,7,504.05,1723,141.16,3.19,1.58,3
ATM_160,Bank Branch,Diebold,2012,Full-Service,09-08-2018,3,47.69,4,303.86,10787,78.32,4.04,0.73,6
ATM_161,Airport,Diebold,2022,Parts-Only,15-07-2006,4,44.61,3,504.05,13522,109.43,0.09,4.14,13
ATM_162,Shopping Mall,Diebold,2021,Full-Service,29-01-2001,1,56.79,6,586.76,8887,113.73,4.42,4.62,3
ATM_163,Standalone,Wincor Nixdorf,2022,Self-Service,04-12-2006,5,56.85,3,480.58,1890,75.91,3.56,0.41,12
ATM_164,Standalone,Wincor Nixdorf,2004,Self-Service,17-10-2004,1,48.49,4,842.93,11840,85.14,4.58,2.27,3
ATM_165,Standalone,NCR,2017,Self-Service,03-06-2000,2,57.61,1,496.76,15650,114.84,2.27,3.08,18
ATM_166,Shopping Mall,Diebold,2015,Full-Service,20-01-2004,1,50.49,1,294.87,13290,100.65,0.63,1.38,12
ATM_167,Standalone,Diebold,2003,Full-Service,08-09-2000,1,49.8,2,630.21,17538,100.65,1.52,3.32,12
ATM_168,Standalone,NCR,2020,Full-Service,26-05-2023,4,60.58,7,477.25,15575,107.19,4.05,2.6,10
ATM_169,Shopping Mall,Wincor Nixdorf,2009,Self-Service,07-07-2004,6,24.65,5,239.53,15017,57.16,2.19,2.6,6
ATM_170,Airport,NCR,2003,Parts-Only,02-07-2022,1,27.01,3,544.86,13330,153.58,2.26,4.84,2
ATM_171,Bank Branch,Diebold,2021,Self-Service,15-09-2021,0,45.79,1,659.57,18751,89.32,0.84,0.3,12
ATM_172,Airport,Diebold,2020,Self-Service,26-05-2019,1,64.37,1,504.05,19251,104.44,2.25,4.67,21
ATM_173,Bank Branch,Wincor Nixdorf,2012,Parts-Only,03-06-2000,0,12.67,2,812.68,3563,65.49,2.65,2.9,2
ATM_174,Shopping Mall,Diebold,2022,Parts-Only,30-06-2004,3,7.43,3,451.77,13692,119.17,3.34,2.45,12
ATM_175,Standalone,Wincor Nixdorf,2022,Parts-Only,01-09-2023,2,40.65,3,299.97,7232,90.98,3.89,2.11,17
ATM_176,Airport,NCR,2012,Full-Service,28-09-2012,3,42.7,2,465.1,15929,118.57,2.11,2.6,5
ATM_177,Bank Branch,NCR,2014,Parts-Only,09-10-2000,1,84.25,2,419.44,16338,116.44,3.36,0.05,8
ATM_178,Standalone,Diebold,2012,Full-Service,03-06-2000,3,69.86,2,617.78,10191,100.65,0.75,3.17,17
ATM_179,Standalone,NCR,2023,Parts-Only,03-06-2000,3,50.66,1,504.05,10191,61.31,0.01,4.19,6
ATM_180,Standalone,NCR,2017,Parts-Only,03-06-2000,1,58.78,3,576.3,6661,116.79,1.14,1.41,8
ATM_181,Shopping Mall,Diebold,2023,Full-Service,14-07-2021,2,36.46,5,426.49,13443,113.65,2.12,0.3,6
ATM_182,Bank Branch,NCR,2015,Self-Service,03-06-2000,2,25.64,3,567.92,5636,133.18,2.61,2.6,12
ATM_183,Bank Branch,NCR,2012,Self-Service,09-09-2008,2,73.21,6,456.18,10553,107.07,2.65,0.63,12
ATM_184,Shopping Mall,Diebold,2018,Parts-Only,09-12-2011,1,35.41,2,370.56,10191,100.65,2.84,4.09,17
ATM_185,Bank Branch,Diebold,2014,Full-Service,01-06-2011,0,48.8,9,443.73,7587,98.08,2.19,2.92,21
ATM_186,Standalone,Diebold,2016,Parts-Only,03-06-2000,2,50.49,5,504.05,7422,98,1.7,4.02,6
ATM_187,Standalone,Diebold,2007,Self-Service,28-05-2022,3,268.21,3,602.51,19124,94.31,3.37,0.16,11
ATM_188,Shopping Mall,Diebold,2021,Self-Service,11-12-2022,2,739.21,1,4964.54,1467,100.65,4.38,4.64,15
ATM_189,Bank Branch,Diebold,2008,Self-Service,03-06-2000,2,50.4,5,780.08,2898,146.8,2.65,1.03,20
ATM_190,Shopping Mall,Wincor Nixdorf,2008,Parts-Only,28-09-2006,2,43.62,1,622.18,4462,110.4,4.82,0.4,8
ATM_191,Standalone,Wincor Nixdorf,2023,Self-Service,30-06-2024,0,48.46,3,504.05,8592,119.94,3.29,1.37,16
ATM_192,Standalone,Diebold,2011,Parts-Only,22-09-2017,2,50.73,1,450.22,10858,85.86,4.8,2.2,6
ATM_193,Standalone,Diebold,2015,Parts-Only,04-07-2010,1,47.2,3,369.76,16924,80.46,2.62,2.6,16
ATM_194,Bank Branch,Wincor Nixdorf,2002,Self-Service,31-05-2018,0,78.31,1,548.69,16840,111.88,4.07,0.34,15
ATM_195,Shopping Mall,Wincor Nixdorf,2000,Self-Service,30-01-2005,1,68.56,1,332.29,12623,96.15,4.81,4.71,12
ATM_196,Airport,Diebold,2020,Self-Service,03-06-2000,1,53.95,2,504.05,2885,145.01,0.39,0.81,9
ATM_197,Shopping Mall,NCR,2016,Full-Service,06-08-2006,1,55.5,2,392.78,15474,78.2,3.68,0.45,0
ATM_198,Standalone,Wincor Nixdorf,2008,Self-Service,22-06-2005,5,30.77,0,667.45,6078,41.47,1.01,4.33,21
ATM_199,Bank Branch,Diebold,2004,Parts-Only,11-04-2014,3,41.76,2,504.05,12306,98.95,3.41,4.51,5
ATM_200,Standalone,NCR,2018,Self-Service,02-02-2000,2,43.05,4,539.19,10191,101.96,4.06,2.59,13
ATM_201,Standalone,Diebold,2012,Self-Service,28-04-2004,2,47.09,0,778.09,14420,91.92,4.07,4.63,13
ATM_202,Standalone,Diebold,2001,Self-Service,06-12-2004,1,53.62,1,819.39,13899,110.76,0.14,4,22
ATM_203,Bank Branch,Diebold,2023,Self-Service,27-12-2007,2,59.27,1,394.4,10191,100.65,4.76,1.24,9
ATM_204,Bank Branch,Wincor Nixdorf,2022,Parts-Only,03-06-2000,2,57.69,2,485.19,10413,100.65,1.67,4.16,23
ATM_205,Airport,Diebold,2012,Full-Service,04-11-2016,3,56.21,6,544.1,10191,86.75,3.67,4.82,17
ATM_206,Standalone,Diebold,2022,Parts-Only,11-03-2012,0,37.5,3,573.48,5020,100.65,1.33,0.04,9
ATM_207,Shopping Mall,NCR,2010,Parts-Only,10-09-2004,5,66.43,0,658.74,5016,100.65,2.65,0.75,20
ATM_208,Shopping Mall,Diebold,2002,Self-Service,28-07-2020,2,48.75,5,504.05,2818,86.31,3.34,2.2,8
ATM_209,Standalone,Wincor Nixdorf,2012,Full-Service,03-06-2000,2,48.63,2,382.18,19501,95.08,1.75,2.78,14
ATM_210,Standalone,NCR,2022,Parts-Only,03-06-2000,2,35.74,3,659.2,9641,86.51,2.57,2.47,6
ATM_211,Bank Branch,NCR,2009,Full-Service,08-10-2020,2,50.49,4,370.81,4580,100.08,2.65,1.98,6
ATM_212,Shopping Mall,NCR,2003,Self-Service,05-10-2000,2,45.61,3,772,18249,78.38,4.73,4.57,14
ATM_213,Bank Branch,NCR,2002,Parts-Only,15-10-2004,3,32.74,3,520.67,19154,96.19,0.22,3.33,2
ATM_214,Airport,NCR,2014,Full-Service,28-04-2017,3,33.13,4,464.96,19515,91.8,1.7,3.22,2
ATM_215,Standalone,NCR,2002,Self-Service,29-11-2000,3,50.49,1,335.33,17734,105.21,1.3,2.6,12
ATM_216,Bank Branch,NCR,2008,Full-Service,10-08-2007,1,28.83,3,368.85,10191,103.43,4.7,2,13
ATM_217,Standalone,Wincor Nixdorf,2013,Self-Service,30-12-2006,1,61.21,3,336.9,10191,100.58,0.6,1.55,13
ATM_218,Airport,Wincor Nixdorf,2010,Self-Service,07-04-2020,0,35.01,2,577.38,15336,91.75,2.65,0.52,17
ATM_219,Bank Branch,NCR,2016,Full-Service,27-02-2024,3,38.18,3,542.79,3687,101.83,1.79,1.97,2
ATM_220,Standalone,NCR,2006,Full-Service,17-05-2017,3,43.08,3,608.04,10191,135.25,2.65,3.94,15
ATM_221,Standalone,Diebold,2021,Full-Service,20-10-2003,4,46.05,2,608.28,17720,55.36,2.65,2.6,5
ATM_222,Standalone,Wincor Nixdorf,2019,Parts-Only,13-04-2021,1,51.91,6,539.9,19217,85.12,4.69,2.28,23
ATM_223,Standalone,Diebold,2005,Full-Service,19-04-2019,4,63.31,4,504.05,19750,86.96,2.78,4.12,3
ATM_224,Standalone,NCR,2012,Self-Service,03-12-2018,1,46.69,1,504.05,5068,73.71,1.16,1.72,16
ATM_225,Standalone,Diebold,2016,Parts-Only,11-03-2018,2,47.13,5,504.05,1902,100.65,1.01,3.46,20
ATM_226,Standalone,Wincor Nixdorf,2020,Self-Service,05-06-2016,1,50.49,4,7083.27,9421,125.92,1.63,4.99,16
ATM_227,Bank Branch,Wincor Nixdorf,2022,Parts-Only,05-03-2010,1,47.95,3,321.24,9317,92.92,2.72,4.51,1
ATM_228,Bank Branch,Diebold,2020,Self-Service,04-03-2000,2,41.59,2,494.99,5511,87.72,2.88,4.66,1
ATM_229,Bank Branch,Diebold,2019,Full-Service,30-06-2008,0,50.49,0,243.78,15247,116.25,2.66,0.84,23
ATM_230,Standalone,Diebold,2000,Full-Service,07-08-2010,1,27.87,3,334.32,9368,116.49,3.63,2.6,19
ATM_231,Airport,NCR,2021,Full-Service,12-03-2013,3,52.46,4,311.75,10191,125.34,1.15,1.63,9
ATM_232,Standalone,Diebold,2012,Parts-Only,03-06-2000,2,60.76,1,458.79,2735,84.47,2.65,1.01,20
ATM_233,Bank Branch,NCR,2005,Self-Service,12-10-2020,5,26.75,4,504.05,9675,100.65,3.13,2.01,2
ATM_234,Airport,NCR,2013,Self-Service,18-05-2005,2,54.32,1,947.17,1927,123.27,2.09,2.6,14
ATM_235,Standalone,Wincor Nixdorf,2012,Parts-Only,04-03-2021,2,52.38,5,532.55,13817,96.17,0.35,1.96,22
ATM_236,Standalone,NCR,2019,Parts-Only,23-08-2020,2,69.48,2,459.48,9276,96.15,1.4,2.04,5
ATM_237,Standalone,Diebold,2012,Self-Service,22-08-2007,2,43.18,3,388.25,15858,110.11,4.34,3.87,1
ATM_238,Standalone,NCR,2022,Full-Service,03-03-2016,1,33.55,4,436.82,2385,126.09,1.07,0.39,11
ATM_239,Airport,Wincor Nixdorf,2012,Full-Service,03-05-2022,1,61.04,2,574.02,6383,100.65,4.3,4.68,2
ATM_240,Standalone,Wincor Nixdorf,2006,Self-Service,22-12-2004,1,829.16,4,504.05,17899,112.78,2.89,3.21,16
ATM_241,Standalone,Wincor Nixdorf,2002,Parts-Only,01-06-2019,3,78.83,6,440.05,8645,99.61,2.65,4.96,9
ATM_242,Bank Branch,NCR,2015,Parts-Only,31-10-2018,1,54.72,5,324.35,10191,89.16,2.65,0.07,0
ATM_243,Bank Branch,Wincor Nixdorf,2018,Self-Service,14-12-2004,3,59.68,5,577.7,15694,115.84,3.9,1.99,7
ATM_244,Airport,Wincor Nixdorf,2011,Parts-Only,29-01-2007,2,53.58,3,638.94,10268,102.76,4.1,3.34,13
ATM_245,Shopping Mall,NCR,2008,Self-Service,03-06-2000,2,21.66,3,471.56,11559,145.98,2.65,3.87,19
ATM_246,Bank Branch,Diebold,2013,Self-Service,12-06-2003,4,56.09,4,389.39,2907,113.9,4.56,3.07,9
ATM_247,Airport,Wincor Nixdorf,2011,Parts-Only,02-11-2015,2,39.17,3,451.51,1137,101.76,1.46,4.86,6
ATM_248,Shopping Mall,NCR,2012,Self-Service,24-04-2003,2,54.2,4,480.58,12855,103.35,0.89,1.64,7
ATM_249,Standalone,NCR,2017,Parts-Only,31-07-2003,0,47.25,3,418.26,16451,100.65,0.21,3.83,7
ATM_250,Airport,Wincor Nixdorf,2012,Parts-Only,21-01-2021,3,60.69,2,615.22,9841,118.87,2.96,0.07,6
ATM_251,Airport,Diebold,2006,Self-Service,30-07-2002,1,57.06,1,538.43,17631,101.45,3.1,0.98,10
ATM_252,Airport,NCR,2006,Self-Service,25-09-2023,3,67.86,2,564.43,13963,121.33,2.65,0.48,6
ATM_253,Standalone,Diebold,2007,Parts-Only,01-09-2011,5,65.54,2,446.62,9011,98.41,2.65,4.06,9
ATM_254,Bank Branch,Diebold,2017,Parts-Only,27-04-2019,0,69.64,0,453.99,12968,75.92,3.13,0.4,19
ATM_255,Bank Branch,Diebold,2011,Full-Service,30-04-2018,0,48.16,2,504.05,7431,112.96,2.65,3.57,3
ATM_256,Shopping Mall,NCR,2020,Full-Service,05-04-2021,1,58.12,3,450.19,2599,67.35,2.71,2.6,21
ATM_257,Airport,Wincor Nixdorf,2008,Self-Service,13-07-2017,2,39.14,3,474.5,4691,71.83,1.7,2.6,19
ATM_258,Bank Branch,Wincor Nixdorf,2012,Parts-Only,31-12-2013,2,75.88,1,280.12,16219,82.76,2.82,1.43,18
ATM_259,Standalone,Diebold,2008,Full-Service,02-09-2022,1,50.49,2,511.71,15309,127.89,2.82,1.34,15
ATM_260,Standalone,Diebold,2002,Parts-Only,02-03-2008,1,53.88,1,306.63,18508,100.65,0.78,4.5,1
ATM_261,Bank Branch,Diebold,2017,Self-Service,13-08-2008,1,50.49,3,670.45,5442,73.69,1.27,2.23,18
ATM_262,Bank Branch,Diebold,2006,Full-Service,28-08-2000,2,50.49,1,504.05,18024,101.26,0.26,0.46,23
ATM_263,Airport,Diebold,2003,Self-Service,06-09-2002,4,49.06,2,383.37,19826,66.23,1.36,1.59,15
ATM_264,Airport,Wincor Nixdorf,2006,Full-Service,04-01-2011,0,55.69,2,503.82,4698,89.23,3.29,1.47,7
ATM_265,Shopping Mall,Wincor Nixdorf,2016,Parts-Only,20-07-2000,1,45.15,1,371.91,17572,106.13,4.08,1.07,5
ATM_266,Standalone,Diebold,2022,Full-Service,12-09-2010,2,48.86,2,748.95,7466,111.71,2.65,1.99,8
ATM_267,Shopping Mall,Wincor Nixdorf,2018,Full-Service,23-11-2017,4,50.49,2,611.19,16744,111.59,3.22,0.67,3
ATM_268,Standalone,Wincor Nixdorf,2016,Self-Service,08-11-2010,2,50.49,2,346.2,4188,89.71,3.74,2.72,13
ATM_269,Shopping Mall,Diebold,2014,Self-Service,14-01-2010,2,45.42,3,513.58,16835,100.65,3.05,2.31,19
ATM_270,Bank Branch,NCR,2004,Full-Service,04-09-2009,1,57.13,2,544.4,5381,116.6,1.55,0.11,4
ATM_271,Standalone,NCR,2004,Parts-Only,03-06-2000,2,49.72,3,280.24,19274,129.73,2.65,0.42,12
ATM_272,Standalone,NCR,2013,Full-Service,03-06-2000,2,76.51,2,731.12,9673,82.39,1,0.07,3
ATM_273,Bank Branch,Diebold,2015,Full-Service,28-09-2019,1,62.23,1,495.47,14834,115.67,0.93,3.37,12
ATM_274,Bank Branch,Diebold,2012,Parts-Only,01-08-2021,2,47.66,4,712.18,15158,110.66,3.48,4.12,13
ATM_275,Bank Branch,Diebold,2005,Parts-Only,13-04-2016,1,51.98,1,653.32,2815,97.46,4.89,3.57,12
ATM_276,Standalone,NCR,2000,Full-Service,24-05-2020,2,52.81,4,724.16,18408,74.9,3.54,4.92,21
ATM_277,Standalone,NCR,2020,Full-Service,15-09-2016,0,60.49,4,516.01,3733,134.38,3.23,2.6,16
ATM_278,Airport,Wincor Nixdorf,2020,Parts-Only,03-11-2008,0,52.77,6,751.39,9441,92.94,1.96,3.6,19
ATM_279,Shopping Mall,NCR,2005,Parts-Only,09-07-2021,3,43.39,3,354.17,3473,121.04,2.98,3.19,21
ATM_280,Airport,NCR,2007,Parts-Only,16-06-2000,2,16.34,7,600.27,7442,110.25,2.83,2.71,11
ATM_281,Bank Branch,Diebold,2021,Full-Service,19-02-2005,2,57.02,2,5182.94,6066,85.94,4.46,0.12,6
ATM_282,Airport,Wincor Nixdorf,2003,Full-Service,21-06-2003,0,56.48,2,504.05,7486,108.61,2.65,2.67,12
ATM_283,Standalone,Wincor Nixdorf,2020,Parts-Only,03-06-2000,5,50.09,4,499.48,6250,149.32,4.23,0.8,22
ATM_284,Standalone,NCR,2001,Self-Service,09-01-2006,4,49.39,3,622.01,1964,79.11,3.41,0.46,10
ATM_285,Airport,NCR,2001,Self-Service,24-08-2003,4,28.14,1,504.05,11018,80.32,1.92,1.19,14
ATM_286,Shopping Mall,Diebold,2004,Full-Service,20-01-2011,3,50.49,2,623.45,15257,100.65,1.8,1.47,20
ATM_287,Bank Branch,NCR,2006,Parts-Only,20-06-2013,3,60.35,4,547.1,15978,96.78,0.31,1.2,20
ATM_288,Bank Branch,Diebold,2018,Full-Service,16-08-2010,2,49.11,1,623.13,9181,100.65,2.56,2.6,3
ATM_289,Standalone,Diebold,2020,Self-Service,20-08-2007,3,48.26,1,416.37,13002,113.28,2.69,4.74,16
ATM_290,Bank Branch,NCR,2013,Self-Service,18-06-2004,0,55.7,2,668.28,11858,100.95,1.28,1.79,8
ATM_291,Airport,Diebold,2010,Full-Service,30-07-2014,1,51.54,2,347.77,1725,80.58,2.65,2.3,20
ATM_292,Bank Branch,Wincor Nixdorf,2022,Self-Service,10-03-2012,1,54.91,3,619.84,3728,149.58,3.58,1.46,11
ATM_293,Standalone,Wincor Nixdorf,2009,Parts-Only,24-01-2019,2,43.67,2,548.28,11818,84.73,0.15,2.28,6
ATM_294,Standalone,Wincor Nixdorf,2014,Self-Service,02-09-2010,2,42.46,1,511.81,10191,81.97,2.15,3.9,9
ATM_295,Shopping Mall,NCR,2012,Parts-Only,01-12-2010,1,48.86,3,392.48,2770,77.95,0.85,1.49,22
ATM_296,Airport,Wincor Nixdorf,2017,Self-Service,03-06-2000,2,51.05,3,505.32,3720,100.12,0.47,2.11,6
ATM_297,Standalone,Diebold,2004,Self-Service,19-05-2016,2,70.55,1,526.68,14220,106.29,0.33,1.82,1
ATM_298,Standalone,Diebold,2004,Parts-Only,14-01-2017,1,75.85,2,756.8,4450,53.12,4.6,4.97,5
ATM_299,Shopping Mall,Wincor Nixdorf,2001,Self-Service,25-07-2009,2,61.09,6,293.31,14343,103.22,2.59,0.62,15
ATM_300,Shopping Mall,Diebold,2012,Full-Service,27-11-2017,2,51.98,2,494.36,18820,89.32,3.05,4.27,0
ATM_301,Shopping Mall,Diebold,2016,Self-Service,03-06-2000,3,44.99,3,485.49,13571,107.59,4.07,0.35,20
ATM_302,Standalone,Wincor Nixdorf,2023,Parts-Only,04-07-2018,1,57.06,5,503.39,16504,91.03,0.31,4.65,6
ATM_303,Shopping Mall,Wincor Nixdorf,2001,Self-Service,15-10-2003,1,41.54,0,504.05,12694,125.13,2.34,3.46,12
ATM_304,Bank Branch,Wincor Nixdorf,2008,Self-Service,21-02-2012,1,50.49,5,604.35,4707,62.3,1.82,0.52,11
ATM_305,Shopping Mall,NCR,2004,Self-Service,20-11-2018,2,43.03,4,716.92,7044,76.36,3.89,3.93,3
ATM_306,Bank Branch,Wincor Nixdorf,2012,Full-Service,10-05-2005,4,62.34,3,843.45,4547,50.74,3.11,2.6,12
ATM_307,Standalone,Diebold,2010,Self-Service,23-06-2023,1,67.09,2,644.41,12172,120.8,1.1,0.41,12
ATM_308,Shopping Mall,Diebold,2018,Full-Service,15-06-2011,2,76.34,1,442.16,18104,108.04,4.21,2.6,4
ATM_309,Shopping Mall,NCR,2006,Full-Service,04-12-2008,1,47.32,2,605.41,4477,110.36,4,1.35,13
ATM_310,Bank Branch,Wincor Nixdorf,2001,Parts-Only,05-01-2001,3,25.01,5,636.68,9672,77.86,3.95,2.6,12
ATM_311,Bank Branch,Diebold,2012,Parts-Only,22-03-2005,0,46.97,2,366.53,9401,94.98,2.65,2.38,6
ATM_312,Bank Branch,Diebold,2003,Self-Service,10-02-2000,2,50.49,3,556.49,4382,53.8,1.19,2.6,14
ATM_313,Bank Branch,Diebold,2022,Parts-Only,22-03-2021,0,70.14,2,479.67,17432,113.37,4.49,2.48,1
ATM_314,Bank Branch,NCR,2001,Self-Service,18-12-2018,2,63.08,1,285.11,5363,102.2,1.93,2.22,12
ATM_315,Bank Branch,Wincor Nixdorf,2004,Self-Service,10-09-2006,1,47.17,3,434.94,13547,154.02,1.53,2.6,12
ATM_316,Standalone,Diebold,2017,Self-Service,23-01-2015,0,50.73,6,445.19,2450,106.62,1.37,2.45,22
ATM_317,Bank Branch,Diebold,2012,Parts-Only,03-06-2000,2,27.37,0,514.17,6934,71.77,1.59,1.67,13
ATM_318,Bank Branch,Wincor Nixdorf,2021,Full-Service,07-04-2017,2,41.36,2,502.23,14335,100.36,2.91,3.31,12
ATM_319,Standalone,Diebold,2014,Self-Service,08-12-2003,3,39.36,4,694.22,1889,100.43,0.41,2.6,17
ATM_320,Shopping Mall,NCR,2004,Parts-Only,30-08-2012,1,40.1,5,504.05,19606,96.06,1.11,2.74,16
ATM_321,Bank Branch,Diebold,2012,Parts-Only,21-08-2001,1,23.73,3,340.79,7942,62.54,3.05,1.65,19
ATM_322,Shopping Mall,Diebold,2012,Self-Service,07-10-2013,0,60.19,3,504.05,14861,96.76,2.78,0.64,15
ATM_323,Standalone,Diebold,2009,Self-Service,03-06-2000,4,52.57,3,632.43,17171,78.36,0.94,4.45,16
ATM_324,Airport,Diebold,2005,Full-Service,28-03-2018,2,50.49,6,452.31,19127,109.94,3.06,0.69,15
ATM_325,Bank Branch,Diebold,2008,Full-Service,31-08-2005,2,57.3,1,555.78,2744,132.64,0.4,0.91,23
ATM_326,Airport,Diebold,2012,Parts-Only,24-12-2021,1,338.39,5,667.69,13251,108.4,2.65,2.87,12
ATM_327,Airport,Diebold,2002,Self-Service,10-01-2015,0,45.86,0,741.7,10191,100.65,0.58,1.03,6
ATM_328,Shopping Mall,NCR,2008,Self-Service,20-08-2003,2,36.5,4,549.97,16816,110.49,4.77,1.98,12
ATM_329,Airport,NCR,2017,Self-Service,03-06-2000,2,46.07,3,527.94,18809,83.19,4.55,1.25,11
ATM_330,Bank Branch,Diebold,2012,Parts-Only,08-04-2001,2,41.45,5,654.33,14048,115.07,2.96,1.87,0
ATM_331,Airport,Diebold,2020,Full-Service,03-06-2000,2,35.15,1,297.42,18151,106.03,0.3,4.17,5
ATM_332,Shopping Mall,Diebold,2010,Self-Service,22-01-2001,2,49.24,5,220.71,10252,108.76,3.2,4.68,1
ATM_333,Bank Branch,Diebold,2012,Full-Service,11-05-2002,2,50.28,3,449.75,17034,105.82,0.76,3.66,21
ATM_334,Bank Branch,NCR,2014,Parts-Only,16-11-2021,2,42.72,6,572.58,12234,100.65,2.65,2.47,6
ATM_335,Shopping Mall,NCR,2016,Self-Service,13-01-2024,1,51.28,5,65.86,11726,96.05,4.05,3.53,12
ATM_336,Shopping Mall,Diebold,2012,Parts-Only,14-11-2018,4,27.32,2,491.69,6328,100.65,4.38,4.75,1
ATM_337,Standalone,Wincor Nixdorf,2016,Parts-Only,26-04-2012,5,49.99,3,504.05,9558,86.1,0.17,4.05,12
ATM_338,Standalone,Diebold,2007,Parts-Only,25-10-2021,2,57.98,5,651.27,10191,125.89,1.61,2.31,12
ATM_339,Shopping Mall,Wincor Nixdorf,2023,Self-Service,12-02-2010,3,40.68,1,598.66,7576,87.24,1.36,1.1,4
ATM_340,Standalone,Wincor Nixdorf,2007,Parts-Only,18-05-2018,2,48.47,2,435.32,10689,102.17,2.65,0.99,5
ATM_341,Standalone,Diebold,2005,Full-Service,04-09-2013,2,49.2,4,640.11,18893,110.7,3.17,3.07,18
ATM_342,Airport,Wincor Nixdorf,2013,Self-Service,10-05-2015,2,30.55,2,550.51,6314,107,3.92,4.33,7
ATM_343,Bank Branch,Wincor Nixdorf,2000,Parts-Only,22-03-2006,2,60.8,4,504.05,11071,144.16,2.22,4.69,12
ATM_344,Standalone,NCR,2012,Self-Service,24-01-2015,3,33.59,5,509.65,12548,117.76,2.72,2.92,2
ATM_345,Airport,Diebold,2004,Self-Service,16-05-2001,0,50.49,3,548.38,12737,98.88,2.65,2.6,11
ATM_346,Bank Branch,Diebold,2017,Full-Service,05-07-2008,0,39.07,2,354.73,4061,79.87,0.56,4.38,15
ATM_347,Standalone,NCR,2016,Full-Service,26-02-2011,3,40.44,4,638.91,11018,108.78,1.49,4.01,12
ATM_348,Standalone,Wincor Nixdorf,2011,Parts-Only,24-10-2012,3,50.49,3,696.62,2693,77.25,4.66,4.36,19
ATM_349,Airport,Diebold,2000,Self-Service,18-03-2017,3,82.09,4,504.07,1513,133.42,0.98,4.76,12
ATM_350,Shopping Mall,NCR,2006,Self-Service,21-02-2012,1,60.33,1,613.42,6616,133.41,0.28,4.33,22
ATM_351,Airport,Wincor Nixdorf,2018,Self-Service,14-04-2009,1,29.04,2,558.08,6111,100.65,0.43,0.87,12
ATM_352,Standalone,Diebold,2004,Self-Service,16-03-2014,3,51.79,3,443.47,11120,100.65,2.65,1.03,12
ATM_353,Shopping Mall,NCR,2021,Parts-Only,19-01-2021,2,48.65,2,504.05,6749,93.51,2.74,2.49,2
ATM_354,Airport,Wincor Nixdorf,2000,Self-Service,01-07-2014,2,60.76,10,524.86,9168,96.41,3.24,2.52,16
ATM_355,Airport,Diebold,2019,Parts-Only,11-02-2011,2,47.87,5,304.55,10191,93.45,4.3,2.6,7
ATM_356,Bank Branch,NCR,2015,Parts-Only,14-01-2020,2,68.53,2,426.97,5047,101.64,2.65,2.6,12
ATM_357,Shopping Mall,Diebold,2023,Parts-Only,23-12-2001,1,50.84,8,295.59,12304,91.33,0.46,1.84,10
ATM_358,Bank Branch,Diebold,2002,Self-Service,02-07-2016,1,79.53,3,591.94,10050,115.04,2.65,1.6,23
ATM_359,Bank Branch,Diebold,2022,Self-Service,29-07-2001,1,61.63,3,546.53,10186,114.77,1.58,3.46,9
ATM_360,Bank Branch,NCR,2017,Self-Service,04-08-2018,2,61.9,4,648.29,4222,118.38,0.87,2.59,10
ATM_361,Airport,NCR,2003,Parts-Only,02-01-2014,3,38.04,5,590.78,12585,100.65,3.11,4.72,13
ATM_362,Airport,Wincor Nixdorf,2002,Parts-Only,10-10-2002,1,47.07,4,463.31,10655,116.4,0.02,3.07,5
ATM_363,Airport,NCR,2021,Self-Service,26-05-2013,4,44.29,2,415.27,13342,66.38,0.87,4.89,8
ATM_364,Shopping Mall,Wincor Nixdorf,2017,Self-Service,19-03-2016,2,52.14,3,398.49,16047,86.11,3.78,2.6,11
ATM_365,Standalone,NCR,2018,Self-Service,21-11-2021,2,47.84,3,550.73,10191,109.87,2.4,1.36,12
ATM_366,Bank Branch,NCR,2012,Full-Service,08-01-2006,2,57.49,3,741.82,10191,105.77,3.98,2.17,16
ATM_367,Shopping Mall,Diebold,2002,Self-Service,27-11-2003,1,55.6,1,511.21,5142,74.76,1.78,3.45,19
ATM_368,Airport,NCR,2012,Full-Service,03-06-2000,4,51.54,4,710.31,10191,100.65,3.25,3.24,7
ATM_369,Airport,NCR,2017,Self-Service,05-09-2013,3,51.19,3,504.05,2426,75.11,2.56,2.6,12
ATM_370,Standalone,Diebold,2012,Self-Service,19-05-2010,2,69.13,1,425.2,10191,106.59,1.94,4.2,12
ATM_371,Airport,NCR,2012,Self-Service,09-07-2003,2,60.99,5,488.92,5441,110.7,3.96,2.55,15
ATM_372,Shopping Mall,NCR,2016,Parts-Only,14-06-2021,2,60.3,3,677.95,7748,91.74,0.87,1.32,10
ATM_373,Bank Branch,Diebold,2002,Full-Service,09-12-2001,0,66.82,1,713.96,6933,100.65,1.84,3.07,12
ATM_374,Bank Branch,Diebold,2012,Full-Service,11-07-2009,1,29.94,3,296.81,15453,116.74,2.65,0.54,13
ATM_375,Airport,Diebold,2019,Full-Service,19-09-2008,2,52,3,525.86,16228,117.37,4.69,3.93,12
ATM_376,Airport,Diebold,2014,Parts-Only,19-07-2000,1,58.58,1,520.71,12922,85.59,2.72,0.12,0
ATM_377,Standalone,Wincor Nixdorf,2020,Parts-Only,04-06-2021,1,68.65,3,507.32,15356,83.9,4.39,4.25,5
ATM_378,Bank Branch,Wincor Nixdorf,2007,Self-Service,15-05-2005,5,50.49,2,5676.77,2606,119.59,0.43,4.55,20
ATM_379,Standalone,NCR,2022,Full-Service,01-06-2022,1,50.49,6,271.26,16279,113.72,3.29,3.25,1
ATM_380,Bank Branch,Diebold,2003,Parts-Only,12-01-2021,3,14.7,3,504.05,17183,100.65,0.96,2.8,23
ATM_381,Airport,NCR,2004,Full-Service,03-02-2015,0,523.89,4,487.76,15833,109.32,2.65,3.11,9
ATM_382,Shopping Mall,Diebold,2020,Parts-Only,18-01-2000,3,67.1,2,533.17,1242,131.74,2.65,0.66,12
ATM_383,Airport,Wincor Nixdorf,2001,Self-Service,04-12-2010,5,62.82,1,392.11,3959,89.16,1.82,4.49,17
ATM_384,Bank Branch,Wincor Nixdorf,2014,Self-Service,17-10-2014,3,66.96,4,468.09,4509,93.27,4.32,1.63,4
ATM_385,Airport,Diebold,2016,Full-Service,06-02-2003,4,41.41,1,331.46,1137,76.8,3.6,2.6,10
ATM_386,Standalone,Wincor Nixdorf,2013,Parts-Only,10-09-2020,1,51.72,4,504.05,10191,106.82,3.04,2.6,3
ATM_387,Airport,Wincor Nixdorf,2023,Self-Service,12-09-2023,3,80.94,2,504.05,2024,104.97,4.04,3.38,9
ATM_388,Shopping Mall,Diebold,2003,Self-Service,03-06-2000,4,61.99,2,685.85,14275,128.61,0.68,2.71,20
ATM_389,Shopping Mall,Wincor Nixdorf,2004,Full-Service,20-10-2023,2,39.68,3,667.71,5198,72.62,0.01,2.6,21
ATM_390,Standalone,Wincor Nixdorf,2015,Full-Service,22-12-2000,4,36.79,5,563.74,10526,91.51,4.9,2.6,4
ATM_391,Airport,Diebold,2004,Full-Service,05-10-2011,1,55.86,2,356.65,1316,103.65,2.59,1.7,12
ATM_392,Standalone,Wincor Nixdorf,2012,Full-Service,01-04-2011,0,75.1,3,276.16,1931,100.65,0.68,2.33,9
ATM_393,Standalone,Wincor Nixdorf,2009,Self-Service,10-06-2015,1,47.7,3,436.32,12845,145.65,4.83,0.24,15
ATM_394,Standalone,Wincor Nixdorf,2016,Parts-Only,29-12-2002,2,61.83,2,730.74,15362,85.61,3.02,2.6,11
ATM_395,Bank Branch,Diebold,2012,Self-Service,28-11-2018,2,30.22,2,512.28,19004,124.45,1.83,2.6,20
ATM_396,Standalone,NCR,2007,Parts-Only,01-12-2023,1,66.52,3,453.21,4082,74.91,3.3,4.33,19
ATM_397,Standalone,NCR,2010,Self-Service,25-06-2019,2,71.39,4,374.96,5474,92.74,1.87,4.25,21
ATM_398,Shopping Mall,NCR,2006,Self-Service,27-06-2000,2,76.48,4,492.77,7340,84.97,0.27,1.41,15
ATM_399,Standalone,Wincor Nixdorf,2003,Full-Service,19-11-2002,2,36.93,3,464.37,15280,104.3,4.67,3.54,4
ATM_400,Airport,Diebold,2017,Parts-Only,04-03-2009,2,38.1,1,504.05,5187,109.32,1.01,4.69,21
ATM_401,Bank Branch,Wincor Nixdorf,2001,Parts-Only,17-03-2011,5,33.69,6,388.74,3086,90.38,0.94,2.6,21
ATM_402,Standalone,Wincor Nixdorf,2002,Self-Service,15-03-2021,1,77.18,3,527.75,14406,79.18,2.8,3.03,23
ATM_403,Airport,Diebold,2008,Self-Service,21-09-2009,1,39.44,1,458.45,7706,113.99,1.17,0.06,2
ATM_404,Bank Branch,Diebold,2009,Self-Service,20-05-2017,3,50.5,3,652.86,2090,68.3,4.8,0.81,5
ATM_405,Standalone,NCR,2008,Self-Service,19-07-2022,2,68.92,1,344.97,15866,66.22,4.5,0.4,0
ATM_406,Bank Branch,Diebold,2022,Full-Service,01-02-2020,3,45.24,4,607.02,17951,100.38,2.83,1.56,9
ATM_407,Bank Branch,Wincor Nixdorf,2019,Parts-Only,26-02-2007,0,40.53,3,542.73,17019,100.65,2.22,3.12,22
ATM_408,Airport,Diebold,2023,Self-Service,04-01-2019,4,54.47,3,504.05,11629,120.88,3.22,2.15,1
ATM_409,Bank Branch,Diebold,2016,Self-Service,09-05-2020,3,30.85,4,455.11,10191,91.96,0.63,2.76,19
ATM_410,Shopping Mall,Diebold,2012,Full-Service,02-05-2016,1,78.31,1,687.05,11591,113.48,1.45,3.6,18
ATM_411,Bank Branch,Wincor Nixdorf,2012,Self-Service,03-06-2000,3,55.23,2,534.41,10191,72.31,4.73,2.77,16
ATM_412,Airport,Wincor Nixdorf,2016,Self-Service,02-09-2023,2,42.41,4,230.31,10191,94.91,1.93,2.84,7
ATM_413,Bank Branch,Diebold,2005,Full-Service,23-07-2016,0,63.19,2,295.08,10191,91.39,1.42,2.91,9
ATM_414,Bank Branch,Wincor Nixdorf,2012,Full-Service,23-06-2020,6,8.83,2,415.68,10191,96.17,3.09,2.55,20
ATM_415,Airport,Wincor Nixdorf,2000,Parts-Only,06-06-2004,2,21.04,6,625.52,9960,100.03,2.65,1,12
ATM_416,Shopping Mall,Diebold,2012,Full-Service,07-06-2006,2,54.46,4,389.61,17093,84.11,0.44,1.47,20
ATM_417,Shopping Mall,Diebold,2001,Full-Service,25-07-2022,3,57.88,5,398.79,3289,110.83,3.99,2.51,17
ATM_418,Shopping Mall,NCR,2013,Self-Service,07-03-2000,4,34.37,1,350.07,10191,108.26,0.13,4.15,1
ATM_419,Bank Branch,NCR,2023,Self-Service,30-05-2011,1,42.57,4,693.4,11320,113.12,1.78,2.6,21
ATM_420,Shopping Mall,Wincor Nixdorf,2019,Self-Service,23-05-2014,2,63.1,2,504.05,10919,86.09,3.75,3.7,17
ATM_421,Airport,Wincor Nixdorf,2013,Parts-Only,03-06-2000,1,71.77,3,504.05,1027,147.72,0.44,0.23,9
ATM_422,Standalone,Diebold,2012,Self-Service,20-08-2021,0,77.59,2,132.84,4752,132.23,2.8,1.15,5
ATM_423,Airport,Wincor Nixdorf,2003,Self-Service,20-08-2020,3,50.58,1,504.05,3797,118.82,2.65,1.03,3
ATM_424,Bank Branch,NCR,2006,Full-Service,10-04-2011,4,70.41,4,410.18,11274,100.65,2.65,4.81,20
ATM_425,Standalone,Wincor Nixdorf,2012,Full-Service,14-04-2016,2,47.02,3,390.7,7857,109.89,2.14,2.32,18
ATM_426,Standalone,Wincor Nixdorf,2022,Self-Service,03-08-2015,2,31.19,4,470.58,15608,103.74,4.85,2.26,4
ATM_427,Standalone,NCR,2007,Parts-Only,14-01-2010,3,50.49,6,504.05,10191,100.65,2.86,2.81,13
ATM_428,Bank Branch,NCR,2000,Full-Service,06-09-2004,2,45.54,3,586.88,16571,98.23,3.7,0.61,18
ATM_429,Bank Branch,Diebold,2022,Full-Service,03-04-2017,1,67.46,1,504.05,2207,104.82,4.7,3.96,16
ATM_430,Bank Branch,Diebold,2014,Self-Service,01-10-2016,1,48.76,2,660.79,1538,117.23,4.38,2.29,8
ATM_431,Shopping Mall,Wincor Nixdorf,2000,Parts-Only,03-06-2000,2,56.44,0,461.37,2632,100.65,3.13,2.6,18
ATM_432,Bank Branch,Diebold,2019,Self-Service,15-08-2005,2,42.67,2,825.24,13512,89.1,3.97,3.07,20
ATM_433,Airport,Diebold,2021,Full-Service,03-06-2000,1,44.34,3,504.05,14458,127.9,2.32,2.86,15
ATM_434,Airport,NCR,2021,Self-Service,23-01-2019,1,39.1,2,330.62,17935,112.53,1.63,1.55,21
ATM_435,Standalone,Diebold,2019,Self-Service,16-06-2020,4,46.77,3,595.2,10013,101.16,3.33,0.06,3
ATM_436,Standalone,Wincor Nixdorf,2013,Self-Service,17-03-2002,2,52.8,1,541.47,7307,100.65,3.33,4.59,12
ATM_437,Bank Branch,Wincor Nixdorf,2001,Full-Service,11-03-2019,2,53.47,3,332.54,6776,145.14,2.26,2.7,16
ATM_438,Standalone,Diebold,2005,Parts-Only,16-08-2019,7,47.08,1,418.07,6398,95.23,3.84,1.45,14
ATM_439,Standalone,Diebold,2010,Self-Service,02-05-2002,2,54.8,5,600.95,19687,116.38,4.58,2.36,2
ATM_440,Standalone,NCR,2021,Parts-Only,26-06-2018,2,50.49,6,511.86,2606,118.95,2.18,2.69,17
ATM_441,Standalone,Diebold,2020,Parts-Only,18-06-2002,7,48.26,0,419.34,10019,110.77,3.62,4.66,12
ATM_442,Airport,NCR,2023,Self-Service,03-06-2000,3,50.49,3,819.23,17549,69.05,1.43,3.39,20
ATM_443,Airport,Wincor Nixdorf,2015,Parts-Only,19-02-2019,2,62.04,3,405.81,15771,76.85,0.44,1.41,2
ATM_444,Standalone,NCR,2013,Parts-Only,22-05-2009,2,59.61,2,492.14,3518,73.25,1.65,4.05,16
ATM_445,Shopping Mall,Wincor Nixdorf,2012,Full-Service,16-05-2001,1,48.56,1,290.8,16171,128.2,3.48,1.6,3
ATM_446,Airport,Diebold,2022,Self-Service,04-12-2005,1,46.31,1,612.06,16805,110.44,2.55,4.39,11
ATM_447,Bank Branch,Wincor Nixdorf,2006,Self-Service,03-06-2000,0,50.49,1,436.84,7017,116.02,2.93,1.16,12
ATM_448,Shopping Mall,Diebold,2008,Self-Service,23-07-2008,0,63.21,2,486.58,11978,106.38,2.79,3.52,18
ATM_449,Standalone,Diebold,2023,Self-Service,26-12-2015,0,49.34,4,443.97,18505,106.87,3.87,4.23,22
ATM_450,Standalone,Wincor Nixdorf,2005,Self-Service,03-03-2024,1,53.76,2,624.02,10191,110.11,1.45,2.52,6
ATM_451,Airport,Wincor Nixdorf,2022,Full-Service,10-04-2011,2,29.84,3,662.83,17581,101.2,3.02,2.15,14
ATM_452,Airport,Diebold,2012,Parts-Only,10-05-2009,2,53.71,5,695.53,5697,105.92,1.45,4.56,21
ATM_453,Airport,NCR,2023,Self-Service,03-01-2022,2,52.49,4,764.12,10191,89.68,3.19,2.42,20
ATM_454,Standalone,Wincor Nixdorf,2001,Parts-Only,12-02-2004,2,24.61,5,533.01,2925,91.69,0.95,3.6,4
ATM_455,Standalone,Wincor Nixdorf,2018,Self-Service,20-01-2007,5,39.44,2,614.88,17391,100.65,3.52,4.26,9
ATM_456,Standalone,NCR,2012,Self-Service,23-06-2009,2,57.15,3,339.91,15175,100.65,2.54,0.3,16
ATM_457,Airport,Wincor Nixdorf,2018,Self-Service,09-02-2022,4,46.56,0,504.99,9118,94.07,2.65,0.04,8
ATM_458,Airport,NCR,2009,Self-Service,24-12-2022,2,57.74,1,594.02,10191,90.29,3.26,4.44,8
ATM_459,Bank Branch,Diebold,2014,Self-Service,21-02-2006,4,41.98,1,740.88,1655,78.64,3.79,3.64,11
ATM_460,Standalone,NCR,2000,Full-Service,20-06-2017,2,31.82,1,492.61,10271,81.53,0.66,1.39,22
ATM_461,Bank Branch,Wincor Nixdorf,2015,Self-Service,15-05-2007,1,50.49,2,317.81,7864,100.65,1.43,4.89,9
ATM_462,Standalone,Diebold,2002,Self-Service,03-06-2000,2,50.49,1,418.3,17653,118.34,2.57,3.01,19
ATM_463,Bank Branch,Diebold,2023,Full-Service,03-06-2000,2,41.38,3,568.98,13313,100.65,3.6,2.79,12
ATM_464,Bank Branch,Diebold,2002,Self-Service,06-03-2012,1,55.93,2,275.97,2493,102.97,3.09,0.51,3
ATM_465,Standalone,Diebold,2013,Parts-Only,04-02-2014,1,54.35,3,5804.38,11891,110.5,3.37,0.9,16
ATM_466,Bank Branch,Diebold,2011,Full-Service,30-03-2015,4,45.42,3,483.47,2651,100.65,3.91,2.42,12
ATM_467,Airport,NCR,2022,Self-Service,09-02-2019,0,42.56,6,504.05,7490,99.98,3.72,2.6,11
ATM_468,Shopping Mall,NCR,2017,Self-Service,17-01-2024,0,55.62,4,716.41,10191,101.67,1.57,3.57,13
ATM_469,Shopping Mall,Diebold,2001,Self-Service,27-08-2006,1,66.55,3,517.01,8785,103.56,0.03,1.37,22
ATM_470,Standalone,Wincor Nixdorf,2015,Self-Service,02-11-2007,3,49.09,2,265.21,8494,59.9,4.19,2.36,22
ATM_471,Shopping Mall,Diebold,2012,Parts-Only,11-03-2007,0,42.19,3,466.26,7893,100.65,3.94,3.39,16
ATM_472,Standalone,Wincor Nixdorf,2008,Parts-Only,18-12-2001,0,42.5,5,490.73,14166,135.22,1.4,2.1,22
ATM_473,Airport,NCR,2012,Parts-Only,03-03-2001,1,61.13,3,504.05,3389,92.46,0.72,4.45,12
ATM_474,Bank Branch,NCR,2015,Parts-Only,05-02-2018,0,50.49,3,479.33,4661,101.67,0.69,1.32,1
ATM_475,Bank Branch,Diebold,2002,Parts-Only,16-09-2007,2,37.9,2,469.16,13842,100.65,4.5,2.62,13
ATM_476,Airport,Wincor Nixdorf,2004,Parts-Only,20-05-2014,1,56.07,4,353.7,12522,97.82,0.06,3.97,2
ATM_477,Airport,Diebold,2011,Parts-Only,10-03-2002,1,77.92,4,525.85,8490,137.52,4.74,3.79,15
ATM_478,Airport,NCR,2019,Full-Service,02-09-2009,3,55.38,4,407.11,1377,89.44,1.6,3.33,12
ATM_479,Airport,Wincor Nixdorf,2011,Parts-Only,15-06-2011,1,30.63,2,499.55,11367,111.91,2.04,4.43,0
ATM_480,Shopping Mall,NCR,2003,Full-Service,07-04-2021,2,62.04,4,417.61,10174,81.45,3.29,2.3,17
ATM_481,Bank Branch,Wincor Nixdorf,2003,Self-Service,13-08-2003,2,59.54,3,741.32,17704,105.35,0.96,2.6,12
ATM_482,Airport,Diebold,2023,Full-Service,24-10-2021,2,55.95,2,530.37,17443,92.56,3.08,2.52,2
ATM_483,Airport,Wincor Nixdorf,2003,Full-Service,14-08-2008,2,73.25,5,504.05,19016,85.42,1.34,3.89,13
ATM_484,Shopping Mall,Diebold,2012,Full-Service,12-11-2006,5,70,4,8120.86,11089,95.48,2.99,2.87,21
ATM_485,Shopping Mall,Wincor Nixdorf,2002,Self-Service,25-02-2009,4,75.31,6,504.05,18879,100.65,4.14,2.6,8
ATM_486,Shopping Mall,NCR,2021,Full-Service,03-04-2020,1,65.46,4,833.74,10255,92.18,3.16,2.26,20
ATM_487,Bank Branch,Wincor Nixdorf,2009,Self-Service,05-06-2006,1,47.92,3,553.7,4677,98.2,1.51,1.75,4
ATM_488,Standalone,Diebold,2010,Full-Service,03-06-2000,0,35.65,2,489.66,3153,93.61,2.72,4.2,13
ATM_489,Shopping Mall,Wincor Nixdorf,2011,Parts-Only,12-01-2023,2,84.23,4,752.72,13566,108.33,1.74,4.4,20
ATM_490,Shopping Mall,NCR,2020,Self-Service,29-04-2009,1,60.65,2,556.3,5042,79.21,4.73,3.04,11
ATM_491,Standalone,Wincor Nixdorf,2021,Parts-Only,23-11-2008,2,57.84,7,425.83,5193,113.19,2.65,3.67,13
ATM_492,Bank Branch,Diebold,2014,Parts-Only,27-02-2020,2,50.49,5,613.98,14516,103.97,4.28,3.07,0
ATM_493,Standalone,NCR,2015,Self-Service,17-08-2000,1,47.88,2,597.06,10784,104.28,2.01,1.87,5
ATM_494,Standalone,NCR,2009,Self-Service,17-01-2011,5,31.26,1,586.66,7760,73.23,2.05,3.82,12
ATM_495,Standalone,NCR,2017,Parts-Only,25-08-2020,3,52.68,3,322.49,5243,80.7,3.61,3.88,17
ATM_496,Airport,NCR,2005,Self-Service,18-09-2017,2,57.97,3,469.19,12691,74.45,2.67,1.52,12
ATM_497,Standalone,Wincor Nixdorf,2010,Self-Service,21-07-2000,0,58.38,3,477.06,19055,87.25,4.26,0.5,7
ATM_498,Bank Branch,Diebold,2000,Full-Service,18-06-2009,3,26.48,7,542.97,12247,99.2,3.33,4.37,18
ATM_499,Standalone,Wincor Nixdorf,2001,Self-Service,05-01-2003,2,55.5,3,575.73,3619,95.68,1.94,4.96,10
ATM_500,Standalone,Diebold,2016,Full-Service,03-06-2000,5,59.6,3,147.87,18125,95.17,0.15,4.01,0
ATM_501,Airport,NCR,2006,Parts-Only,26-04-2018,2,62.73,3,355.06,10191,100.65,1.26,4.31,11
ATM_502,Airport,Wincor Nixdorf,2003,Self-Service,27-01-2008,1,65.74,1,347.17,7649,122.13,0.88,4.23,11
ATM_503,Airport,NCR,2022,Self-Service,05-09-2014,5,57.21,2,693.83,10191,126.12,4.05,4.01,15
ATM_504,Shopping Mall,NCR,2015,Self-Service,11-03-2014,3,28.67,5,701.36,19487,126.52,2.56,4.79,13
ATM_505,Standalone,NCR,2015,Self-Service,03-06-2000,2,38.25,3,603.66,14283,100.65,2.23,4.45,12
ATM_506,Standalone,Wincor Nixdorf,2018,Full-Service,02-02-2016,2,68.24,3,504.05,11061,141.25,4.21,3.41,3
ATM_507,Shopping Mall,Diebold,2018,Parts-Only,25-07-2019,5,31.64,6,355.45,14853,97.54,3.89,1.11,1
ATM_508,Bank Branch,NCR,2011,Self-Service,11-09-2020,1,73.5,3,435.91,10950,98.76,2.06,4.29,19
ATM_509,Shopping Mall,Wincor Nixdorf,2005,Full-Service,12-10-2009,2,70.2,3,469.52,19820,100.65,1.49,4.2,12
ATM_510,Standalone,Wincor Nixdorf,2002,Full-Service,26-02-2009,2,28.65,2,460.59,1463,69.1,3.33,4.3,20
ATM_511,Bank Branch,Wincor Nixdorf,2001,Full-Service,09-08-2014,0,16.21,3,654.55,10004,102.24,4.09,3.74,1
ATM_512,Standalone,Wincor Nixdorf,2004,Full-Service,31-12-2012,3,33.22,0,493.58,11063,59.3,2.47,2.25,12
ATM_513,Standalone,Wincor Nixdorf,2012,Parts-Only,01-09-2013,0,59.82,5,278.16,6770,102.2,3.85,2.52,9
ATM_514,Standalone,Diebold,2009,Self-Service,12-10-2023,4,38.78,1,451.15,3417,63.76,0.97,1.7,10
ATM_515,Standalone,Wincor Nixdorf,2010,Full-Service,30-05-2021,1,61.94,3,545.1,9078,96.45,4.19,1.53,15
ATM_516,Airport,Diebold,2002,Self-Service,12-08-2013,0,38.32,3,411.6,8961,118.69,0.72,0.26,10
ATM_517,Standalone,Wincor Nixdorf,2001,Self-Service,09-09-2001,2,35.64,5,6771.16,7491,114.74,1.76,2.05,23
ATM_518,Airport,NCR,2012,Parts-Only,19-02-2007,2,56.09,3,621.33,6605,121.82,1.38,4.81,4
ATM_519,Airport,Diebold,2010,Self-Service,03-10-2000,4,44.22,2,475.29,10191,105.29,2.64,2.65,23
ATM_520,Shopping Mall,Wincor Nixdorf,2020,Parts-Only,07-08-2004,0,64.17,4,324.87,10191,95.76,2.65,2.09,9
ATM_521,Shopping Mall,NCR,2012,Self-Service,03-06-2000,3,55.29,1,382.29,8695,76.07,4.71,1.78,5
ATM_522,Standalone,Wincor Nixdorf,2020,Self-Service,31-01-2005,3,50.49,3,504.05,1374,103.67,1.16,1.22,5
ATM_523,Standalone,Diebold,2007,Self-Service,26-07-2015,5,62.86,5,412.47,10191,105.02,3.32,2.3,12
ATM_524,Standalone,Diebold,2023,Self-Service,19-10-2005,3,50.49,6,407.85,7719,100.65,2.55,3.57,17
ATM_525,Standalone,NCR,2017,Full-Service,22-10-2003,2,30.34,0,471.14,8020,95.63,1.92,1.17,11
ATM_526,Airport,Wincor Nixdorf,2005,Parts-Only,19-01-2017,2,25.07,2,393.66,10525,100.65,3.11,1.8,16
ATM_527,Airport,Diebold,2003,Full-Service,11-07-2003,2,50.49,4,146.71,3969,126.37,1.85,3.32,12
ATM_528,Shopping Mall,Wincor Nixdorf,2014,Self-Service,10-05-2014,2,53.68,4,400.27,1453,101.15,3.08,4.76,7
ATM_529,Shopping Mall,NCR,2014,Parts-Only,21-06-2005,1,48.34,4,637.33,15973,113.19,3.59,0.06,12
ATM_530,Airport,Wincor Nixdorf,2012,Full-Service,21-04-2008,3,81.19,2,504.05,14639,78.91,3.07,0.52,23
ATM_531,Standalone,Wincor Nixdorf,2003,Full-Service,27-12-2016,2,41.52,4,515.57,9920,100.65,2.6,0.3,22
ATM_532,Standalone,NCR,2014,Self-Service,03-12-2022,5,43.47,4,664.98,7299,118.45,0.71,0.74,22
ATM_533,Bank Branch,Diebold,2002,Self-Service,08-08-2017,2,32.57,5,504.05,10191,92.94,3.79,1.66,14
ATM_534,Shopping Mall,Diebold,2023,Full-Service,03-06-2000,3,54,3,597.35,17075,94.4,4.15,4.18,20
ATM_535,Standalone,Diebold,2017,Parts-Only,03-06-2000,2,49.18,4,638.43,15902,104.84,3.96,2.6,11
ATM_536,Shopping Mall,Diebold,2001,Self-Service,13-06-2020,3,37.99,2,523.2,9763,103.47,0.71,4.07,15
ATM_537,Standalone,Wincor Nixdorf,2016,Self-Service,28-10-2019,2,75.52,4,721.73,7006,94.92,2.23,1.71,12
ATM_538,Airport,Wincor Nixdorf,2023,Parts-Only,04-07-2005,1,36.79,3,404.68,4440,100.65,4.82,4.04,18
ATM_539,Bank Branch,NCR,2002,Self-Service,20-01-2013,2,90.42,5,531.88,19540,61.53,0.75,2.18,19
ATM_540,Bank Branch,Diebold,2014,Self-Service,07-09-2022,2,52.68,0,452.71,10191,132.93,0.67,3.97,12
ATM_541,Shopping Mall,NCR,2013,Full-Service,26-10-2001,1,45.52,3,708.26,11864,63.61,0.01,1.29,7
ATM_542,Shopping Mall,Wincor Nixdorf,2022,Full-Service,06-01-2018,1,46.56,1,224.5,14262,128.26,2.65,2.6,1
ATM_543,Bank Branch,Diebold,2012,Parts-Only,19-11-2006,1,51.12,4,492.18,7430,112.3,4.34,2.57,22
ATM_544,Airport,NCR,2004,Parts-Only,14-10-2015,0,70.01,6,520.93,10425,66.55,2.06,3.78,19
ATM_545,Airport,Diebold,2001,Parts-Only,21-01-2022,3,71.81,2,454.48,18878,78.14,3.71,2.6,7
ATM_546,Airport,Wincor Nixdorf,2012,Full-Service,16-07-2020,2,49.73,3,744.2,10191,97.93,2.97,2.95,12
ATM_547,Shopping Mall,NCR,2006,Self-Service,14-04-2017,2,50.49,0,679.77,12001,99.11,0.77,3.11,2
ATM_548,Shopping Mall,Diebold,2014,Full-Service,12-05-2012,2,41.29,2,198.68,8120,104,3.27,1.5,19
ATM_549,Standalone,Diebold,2008,Parts-Only,02-05-2001,2,41.04,6,624.29,15264,140.13,3.08,1.1,12
ATM_550,Airport,Wincor Nixdorf,2008,Self-Service,17-08-2016,2,40.56,3,504.05,10191,127.13,4.38,2.55,5
ATM_551,Shopping Mall,NCR,2017,Parts-Only,08-01-2018,2,64.67,4,273.3,10191,150.75,1.69,2.6,14
ATM_552,Bank Branch,Diebold,2022,Self-Service,08-12-2022,1,50.49,1,525.35,11414,129.45,1.96,2.7,1
ATM_553,Standalone,Wincor Nixdorf,2012,Parts-Only,18-09-2021,1,44.26,2,385.64,10916,122.88,2.65,4.06,7
ATM_554,Bank Branch,NCR,2019,Parts-Only,10-11-2013,2,50.49,3,779.72,10191,75.42,4.58,4.08,20
ATM_555,Standalone,Wincor Nixdorf,2011,Self-Service,14-08-2009,3,55.85,3,273.41,18205,87.99,4.95,2.77,17
ATM_556,Bank Branch,Diebold,2004,Self-Service,03-01-2002,0,50.49,6,447.77,11508,92.13,1.1,2.06,12
ATM_557,Standalone,NCR,2012,Self-Service,03-06-2000,1,64.17,3,489.91,5384,88.66,2.65,3.26,12
ATM_558,Airport,Wincor Nixdorf,2019,Full-Service,28-07-2009,2,52.52,6,355.88,11442,100.65,2.95,1.81,12
ATM_559,Bank Branch,Diebold,2009,Self-Service,01-09-2013,3,25.81,3,504.05,9793,100.65,2.72,4.31,12
ATM_560,Standalone,NCR,2011,Self-Service,12-08-2017,0,45.1,3,330.83,4776,97.88,4.09,0.38,21
ATM_561,Bank Branch,Wincor Nixdorf,2007,Parts-Only,03-10-2013,1,45.93,3,480.81,7126,110.84,4.68,4.63,0
ATM_562,Airport,Diebold,2020,Full-Service,26-07-2005,1,76.61,4,555,7280,106.55,3.29,2.6,5
ATM_563,Shopping Mall,Diebold,2010,Self-Service,03-02-2010,1,84.08,2,817.64,8867,80.81,2.58,3.95,15
ATM_564,Standalone,Wincor Nixdorf,2007,Parts-Only,20-05-2024,2,88.91,3,654.15,2655,107.64,4.43,4.55,17
ATM_565,Airport,Wincor Nixdorf,2014,Parts-Only,19-12-2015,2,25.69,1,696.39,14050,79.12,1.33,2.45,0
ATM_566,Airport,NCR,2022,Full-Service,26-12-2021,0,38.91,0,632.54,19024,143.29,1.97,3.46,13
ATM_567,Shopping Mall,NCR,2016,Full-Service,06-10-2013,3,57.55,0,504.05,15934,102.11,1.73,4.74,16
ATM_568,Airport,Diebold,2018,Self-Service,03-06-2000,4,46.94,0,504.05,9219,99.46,1.78,4.37,23
ATM_569,Standalone,Diebold,2023,Full-Service,03-10-2016,1,25.22,3,698.83,17012,54.78,2.65,0.1,8
ATM_570,Standalone,NCR,2019,Self-Service,26-09-2015,2,41.99,4,504.05,4505,92.86,2.65,3.23,2
ATM_571,Airport,Diebold,2012,Self-Service,04-01-2008,4,56.01,3,279.06,11094,100.65,4.79,4.4,6
ATM_572,Shopping Mall,NCR,2008,Full-Service,29-10-2014,1,57.37,3,718.43,15122,79.03,2.36,0.45,8
ATM_573,Shopping Mall,Wincor Nixdorf,2018,Parts-Only,25-06-2013,5,32.23,1,522.56,4742,151.33,1.48,2.6,15
ATM_574,Shopping Mall,Diebold,2012,Parts-Only,25-03-2005,4,69.92,2,582.03,6387,100.65,0.53,0.98,10
ATM_575,Airport,Wincor Nixdorf,2016,Self-Service,26-09-2016,4,38.16,2,396.41,18673,108.86,2.65,1.74,13
ATM_576,Bank Branch,Wincor Nixdorf,2000,Full-Service,03-06-2000,1,53.59,2,843.95,6765,128.71,4.88,0.71,9
ATM_577,Airport,Wincor Nixdorf,2008,Self-Service,19-02-2013,3,36.41,1,470.13,6129,103.42,3.93,3.32,21
ATM_578,Bank Branch,NCR,2008,Parts-Only,03-06-2000,2,77.36,4,239.98,14212,74.44,4.57,0.33,22
ATM_579,Shopping Mall,Diebold,2019,Self-Service,15-03-2016,3,58.5,0,384.02,10191,122.62,4.19,3.13,6
ATM_580,Standalone,NCR,2016,Parts-Only,07-03-2003,2,38.83,3,539.89,5454,92.01,4.16,3.22,3
ATM_581,Standalone,Wincor Nixdorf,2012,Parts-Only,29-08-2010,3,50.49,3,485.83,13610,80.85,4.27,0.94,4
ATM_582,Airport,Wincor Nixdorf,2007,Self-Service,20-12-2014,3,79.74,3,387.83,12823,93.05,4.75,3.67,3
ATM_583,Bank Branch,Diebold,2000,Full-Service,28-01-2004,2,32.59,3,547.24,10191,113.66,4.21,3.64,12
ATM_584,Airport,Diebold,2007,Self-Service,05-12-2014,3,44.01,4,645.72,18391,100.12,0.53,2.6,19
ATM_585,Airport,Diebold,2010,Self-Service,08-08-2006,2,18.96,3,364.9,14694,93.57,1.97,1.72,5
ATM_586,Standalone,NCR,2020,Full-Service,09-03-2023,2,50.72,3,462.52,4478,79.23,1.67,2.07,11
ATM_587,Airport,Diebold,2006,Full-Service,23-11-2023,2,61.48,1,461.1,8433,80.17,3.07,3.77,13
ATM_588,Bank Branch,Diebold,2012,Self-Service,21-06-2006,1,38.41,3,461.38,15914,111.2,3.32,4.93,1
ATM_589,Airport,NCR,2009,Self-Service,03-06-2005,4,47.95,4,245.72,14487,130.42,3.98,2.26,12
ATM_590,Airport,Diebold,2005,Self-Service,19-07-2022,1,38.86,3,453.25,15799,79.22,2.65,1.73,20
ATM_591,Shopping Mall,NCR,2006,Self-Service,24-01-2002,1,50.49,1,707.58,10191,80.32,3.23,0.92,21
ATM_592,Airport,Diebold,2002,Self-Service,30-06-2004,2,50.49,2,499.13,18245,79.65,1.51,0.54,9
ATM_593,Airport,NCR,2005,Self-Service,28-02-2008,2,50.49,2,631.54,17494,108.19,0.93,0.78,19
ATM_594,Shopping Mall,Diebold,2019,Full-Service,03-02-2023,1,59.55,3,504.05,5585,103.58,4.22,4.81,16
ATM_595,Standalone,Diebold,2003,Self-Service,07-12-2021,1,64.44,0,620.93,11876,103.13,3.75,0.5,15
ATM_596,Shopping Mall,Wincor Nixdorf,2023,Parts-Only,21-10-2019,2,34.32,2,420.64,3536,76.5,0.36,1.11,12
ATM_597,Airport,Wincor Nixdorf,2022,Full-Service,03-06-2000,5,25.56,0,521.75,11968,99.02,3.65,3.29,4
ATM_598,Bank Branch,Wincor Nixdorf,2005,Parts-Only,03-06-2000,1,50.49,2,782.89,11200,103.65,3.68,4.13,15
ATM_599,Bank Branch,Diebold,2009,Self-Service,02-08-2018,2,58.8,4,453.21,4341,117.06,0.36,3.88,10
ATM_600,Airport,Diebold,2015,Self-Service,19-11-2009,2,50.49,3,550.76,12439,105.44,1.77,3.35,15
ATM_601,Standalone,Diebold,2000,Full-Service,26-06-2005,2,52.72,1,471.86,15804,136.11,2.65,2.6,23
ATM_602,Bank Branch,Diebold,2022,Self-Service,11-02-2000,2,20.3,0,362.17,13957,122.26,1.98,2.8,20
ATM_603,Bank Branch,NCR,2020,Parts-Only,17-10-2018,1,45.49,6,594.19,11828,65.06,3.78,3.91,5
ATM_604,Bank Branch,NCR,2005,Self-Service,24-01-2018,0,54.38,1,320.38,10191,113.11,3.39,0.18,23
ATM_605,Standalone,Diebold,2000,Full-Service,08-02-2024,0,55.2,7,561.27,9459,113.78,2.65,0.99,7
ATM_606,Shopping Mall,NCR,2012,Self-Service,06-07-2015,1,50.49,2,411.63,8778,95.42,0.42,0.47,7
ATM_607,Standalone,Diebold,2020,Self-Service,29-05-2011,2,43.72,2,504.05,11338,79.12,4.49,2.21,17
ATM_608,Standalone,Wincor Nixdorf,2002,Parts-Only,17-04-2013,1,53.07,3,468.15,3989,99.11,2.65,1.94,14
ATM_609,Bank Branch,Diebold,2013,Self-Service,03-06-2000,2,36.36,2,541.37,10191,111.29,0.17,1.87,0
ATM_610,Standalone,Wincor Nixdorf,2015,Full-Service,11-12-2000,1,41.78,4,557.21,2540,112.01,1.09,2.83,20
ATM_611,Airport,Diebold,2008,Self-Service,08-07-2021,1,50.49,3,448.73,10191,100.65,1.16,0.47,19
ATM_612,Shopping Mall,Diebold,2005,Full-Service,20-05-2008,2,31.63,3,483.96,4859,61.71,0.28,0.36,13
ATM_613,Bank Branch,Diebold,2014,Self-Service,10-02-2014,3,32.15,0,439.4,10191,85.54,3.48,2.6,12
ATM_614,Airport,Wincor Nixdorf,2018,Parts-Only,11-03-2019,3,41.18,0,540.78,7711,119.48,2.65,1.17,0
ATM_615,Airport,NCR,2012,Parts-Only,30-07-2014,3,55.87,2,546.61,13902,115.61,0.25,0.96,15
ATM_616,Shopping Mall,Diebold,2023,Self-Service,21-09-2010,3,59.39,3,653.38,12755,89.5,2.65,4.13,22
ATM_617,Shopping Mall,NCR,2006,Parts-Only,27-05-2017,2,61.14,3,547.18,10191,122.43,4.79,1.73,23
ATM_618,Shopping Mall,Diebold,2020,Self-Service,01-05-2014,2,50.49,2,660.13,8973,96.86,0.91,3.11,12
ATM_619,Shopping Mall,NCR,2011,Full-Service,03-06-2000,0,62.42,3,504.05,11388,125.53,1.99,4.67,7
ATM_620,Standalone,Wincor Nixdorf,2003,Full-Service,22-01-2013,5,39.08,3,719.51,10191,97.28,0.2,4.55,22
ATM_621,Shopping Mall,Diebold,2002,Parts-Only,15-10-2007,2,37.58,0,444.43,12828,104.35,4.49,2.6,6
ATM_622,Standalone,NCR,2022,Full-Service,15-05-2023,1,43.82,3,550.96,19960,76.08,4.55,0.15,11
ATM_623,Airport,NCR,2018,Self-Service,11-11-2003,4,64.22,3,659.12,18916,121.45,1.75,4.04,21
ATM_624,Standalone,NCR,2000,Self-Service,02-03-2020,1,46.43,2,550.11,5753,100.65,1.18,3.46,1
ATM_625,Airport,Diebold,2003,Self-Service,03-11-2014,0,62.9,3,569.78,4765,73.43,0.91,2.73,14
ATM_626,Bank Branch,NCR,2018,Full-Service,19-11-2011,0,31.77,6,492,2516,101.28,1.77,2.6,2
ATM_627,Bank Branch,Wincor Nixdorf,2006,Full-Service,15-12-2017,6,80.91,4,544.73,3328,136.37,4.94,0.55,12
ATM_628,Standalone,NCR,2002,Full-Service,03-06-2000,3,47.45,2,557.49,12772,118.55,1.2,4.16,8
ATM_629,Standalone,Diebold,2016,Self-Service,12-07-2002,2,52.15,2,530.47,11648,121.69,0.48,0.36,8
ATM_630,Bank Branch,Wincor Nixdorf,2012,Parts-Only,03-12-2018,2,66.44,2,485.1,16787,116.53,0.13,0.17,17
ATM_631,Standalone,NCR,2009,Full-Service,11-07-2013,3,34.39,2,479.47,2510,109.91,0.07,3.88,2
ATM_632,Standalone,Diebold,2015,Self-Service,03-06-2000,1,58.21,6,512.88,6915,104.36,1.8,0.64,8
ATM_633,Standalone,Diebold,2012,Self-Service,14-05-2005,1,50.49,1,480.52,4017,86.44,1.76,4.91,1
ATM_634,Bank Branch,NCR,2006,Parts-Only,26-02-2006,2,33.43,3,389.55,5308,81.25,2.65,2.58,18
ATM_635,Standalone,Diebold,2016,Self-Service,07-05-2018,3,53.7,0,504.05,10175,119.97,2.91,3.44,6
ATM_636,Shopping Mall,Wincor Nixdorf,2008,Parts-Only,03-06-2000,1,62.24,1,277.96,17768,73.17,4.49,1.53,12
ATM_637,Shopping Mall,Diebold,2012,Self-Service,13-12-2005,3,51.37,2,504.87,3799,72.92,4.14,3.5,22
ATM_638,Standalone,Diebold,2019,Parts-Only,15-02-2016,0,68.41,2,424.26,17847,100.65,3.42,4.04,12
ATM_639,Bank Branch,Diebold,2007,Parts-Only,04-07-2022,2,53.72,5,482.23,1613,124.18,3.16,2.95,14
ATM_640,Bank Branch,NCR,2012,Parts-Only,27-12-2010,0,42.44,4,577.6,7737,107.05,2.29,3.06,18
ATM_641,Airport,NCR,2019,Parts-Only,03-06-2000,1,50.48,4,409.76,10191,143.27,0.62,1.49,3
ATM_642,Standalone,Diebold,2000,Self-Service,03-06-2000,4,28.76,1,617.63,3737,100.65,1.03,0.29,12
ATM_643,Airport,Diebold,2022,Self-Service,02-02-2009,0,762.36,3,227.92,9302,74.89,3.31,1.06,3
ATM_644,Shopping Mall,NCR,2014,Self-Service,04-07-2003,3,34.19,4,416.57,15438,106.58,0.6,2.6,20
ATM_645,Standalone,NCR,2007,Self-Service,25-08-2013,5,60.36,4,672.95,19946,127.46,1.37,2.26,3
ATM_646,Shopping Mall,NCR,2002,Parts-Only,12-03-2009,5,27.25,1,626.82,10172,149.45,0.31,2.6,19
ATM_647,Airport,Diebold,2009,Parts-Only,21-03-2001,4,40.83,4,385.01,12606,79.92,4.49,4.54,8
ATM_648,Shopping Mall,Diebold,2022,Self-Service,29-04-2014,1,77.33,1,504.05,19344,102.6,0.59,3.68,21
ATM_649,Bank Branch,NCR,2003,Self-Service,03-06-2000,5,36.93,4,611.43,17396,95.24,2.78,0.35,17
ATM_650,Bank Branch,Diebold,2003,Self-Service,03-06-2000,2,61.28,2,462.81,12794,68.53,0.18,2.04,12
ATM_651,Bank Branch,Wincor Nixdorf,2012,Full-Service,19-02-2001,3,53.38,3,351.39,1559,79.07,0.5,1.43,15
ATM_652,Bank Branch,Diebold,2003,Full-Service,18-01-2019,1,18.05,3,504.05,5571,140.38,0.09,3.62,9
ATM_653,Bank Branch,Diebold,2016,Parts-Only,03-06-2000,1,54.04,1,437.18,10191,107.94,3,2.6,23
ATM_654,Bank Branch,NCR,2017,Self-Service,05-08-2013,2,52.63,4,389.68,8835,75.79,4.85,4.99,3
ATM_655,Shopping Mall,NCR,2007,Parts-Only,15-02-2019,1,15.47,2,509.64,17914,123.42,1.84,2.6,8
ATM_656,Standalone,Diebold,2003,Self-Service,19-10-2009,2,36.9,4,397.91,13088,74.25,2.86,3.07,12
ATM_657,Bank Branch,Wincor Nixdorf,2012,Self-Service,03-06-2000,1,71.25,1,481.91,4524,101.89,0.46,0.45,15
ATM_658,Airport,NCR,2019,Self-Service,15-11-2003,2,69.08,4,279.56,2456,133.54,3.73,3.85,8
ATM_659,Airport,Diebold,2019,Full-Service,21-11-2019,2,47.92,3,504.05,4565,79.97,1.06,2.6,19
ATM_660,Bank Branch,Wincor Nixdorf,2004,Self-Service,06-11-2020,1,50.49,1,545.37,12148,78.08,2.65,1.1,0
ATM_661,Standalone,NCR,2001,Full-Service,02-09-2013,1,67.22,4,486.4,5810,83.9,3.3,1.01,10
ATM_662,Airport,Wincor Nixdorf,2020,Self-Service,10-03-2009,3,69.98,5,673.9,17339,110.57,3.69,0.4,16
ATM_663,Standalone,NCR,2007,Full-Service,11-07-2015,4,26.34,4,485.16,12493,89.36,3.05,3.17,8
ATM_664,Shopping Mall,Diebold,2002,Self-Service,13-02-2019,2,61.73,2,303.32,3226,74.36,2.65,0.6,17
ATM_665,Shopping Mall,NCR,2022,Self-Service,17-10-2023,0,52.71,4,158.88,15847,64.61,4.65,2.21,18
ATM_666,Standalone,Diebold,2016,Parts-Only,19-05-2023,0,44.46,0,616.17,4264,110.21,2.65,2.79,12
ATM_667,Airport,NCR,2012,Self-Service,24-01-2022,2,52.29,4,657.09,10191,131.11,0.79,2.05,22
ATM_668,Bank Branch,Diebold,2011,Parts-Only,22-09-2018,6,29.57,5,461.62,10191,116.2,1.92,1.72,12
ATM_669,Airport,Wincor Nixdorf,2019,Parts-Only,06-02-2021,0,58.02,2,617.21,2073,85.57,5,3.94,16
ATM_670,Standalone,NCR,2012,Full-Service,07-06-2001,6,47.12,4,504.05,15952,62.16,3.56,1.62,12
ATM_671,Airport,Diebold,2020,Parts-Only,25-01-2010,1,42.85,1,429.37,5801,128.79,3.62,0.8,15
ATM_672,Bank Branch,Diebold,2018,Full-Service,03-06-2000,2,50.49,3,433.28,16073,92.04,4.38,4.33,15
ATM_673,Standalone,Diebold,2003,Full-Service,30-12-2006,3,49.59,4,371.68,10609,71.52,2.52,2.95,20
ATM_674,Standalone,NCR,2012,Parts-Only,03-06-2000,1,35.69,3,241.5,8070,116.5,4.45,1.89,14
ATM_675,Bank Branch,NCR,2015,Self-Service,14-01-2010,1,31.46,8,350.72,10542,82.86,3.05,4.9,15
ATM_676,Airport,Wincor Nixdorf,2009,Full-Service,23-02-2004,1,50.49,6,443.34,10191,71.18,4.08,3.06,4
ATM_677,Shopping Mall,Diebold,2006,Self-Service,28-06-2016,2,41.35,2,680.33,1048,90.51,1.6,3.54,3
ATM_678,Shopping Mall,NCR,2007,Full-Service,07-03-2024,0,4.47,3,718.41,10082,97.1,3.12,3.64,12
ATM_679,Shopping Mall,Wincor Nixdorf,2014,Parts-Only,27-09-2012,1,36.69,1,564.41,3600,95.46,2.92,3.13,1
ATM_680,Airport,Wincor Nixdorf,2002,Parts-Only,03-06-2000,1,50.49,2,697.55,10242,118.23,3.99,2.84,13
ATM_681,Bank Branch,Diebold,2021,Parts-Only,06-04-2008,2,56.17,4,509.36,2515,110.92,2.29,2.6,6
ATM_682,Airport,Diebold,2020,Parts-Only,31-12-2014,0,55.2,8,579.46,5371,71.32,2.65,1.72,12
ATM_683,Standalone,Diebold,2016,Self-Service,08-01-2023,2,47.14,6,773.02,10191,117.48,4.8,1.64,17
ATM_684,Shopping Mall,Wincor Nixdorf,2015,Self-Service,11-01-2011,2,54.34,1,375.9,3707,93.2,1.38,3.12,1
ATM_685,Bank Branch,NCR,2014,Parts-Only,05-09-2018,4,50.49,4,325.55,4397,145.75,2.65,3.09,21
ATM_686,Shopping Mall,Diebold,2001,Self-Service,03-06-2000,2,51.57,5,382.95,12635,64.75,2.75,0.08,8
ATM_687,Bank Branch,Diebold,2004,Self-Service,24-05-2016,0,77.69,3,504.05,10376,110.03,2.65,2.28,8
ATM_688,Bank Branch,NCR,2004,Parts-Only,17-09-2013,2,79.05,4,550.74,12049,87.04,2.71,2.6,7
ATM_689,Shopping Mall,Diebold,2012,Parts-Only,27-06-2012,0,45.89,1,661.94,9042,100.65,0.82,0.68,5
ATM_690,Airport,Wincor Nixdorf,2021,Self-Service,15-09-2003,2,48.78,2,407.62,11254,114.59,1.85,1.21,20
ATM_691,Bank Branch,Diebold,2021,Parts-Only,16-02-2002,3,74.96,3,400.97,6679,107.53,1.21,4.38,20
ATM_692,Standalone,Wincor Nixdorf,2008,Full-Service,18-02-2009,0,71.73,1,504.05,10505,36.91,0.98,0.07,10
ATM_693,Bank Branch,Wincor Nixdorf,2004,Self-Service,13-12-2013,0,70.41,4,501.79,14965,126.18,4.81,2.6,10
ATM_694,Bank Branch,Diebold,2012,Full-Service,05-06-2017,0,38.35,4,445.88,16426,99.27,0.82,2.16,20
ATM_695,Standalone,Wincor Nixdorf,2006,Parts-Only,04-03-2011,3,42.82,2,582.54,9238,123.04,1.08,0.76,12
ATM_696,Shopping Mall,Diebold,2012,Self-Service,14-06-2006,2,49.01,1,513.54,12951,89.22,0.32,2.3,8
ATM_697,Shopping Mall,Diebold,2022,Full-Service,14-05-2004,5,43.34,1,486.85,1652,75.31,1.52,3.57,1
ATM_698,Standalone,Diebold,2012,Parts-Only,29-06-2013,0,70.17,1,544.87,10191,121.14,0.46,1.7,17
ATM_699,Shopping Mall,Diebold,2011,Parts-Only,07-08-2003,2,31.66,6,668.94,1493,78.95,0.79,2.6,20
ATM_700,Shopping Mall,NCR,2007,Self-Service,20-08-2004,2,64.16,1,587.89,15435,87.54,2.46,0.06,12
ATM_701,Bank Branch,Wincor Nixdorf,2012,Parts-Only,26-04-2010,4,65.13,2,778.29,11254,66.53,4.63,2.6,18
ATM_702,Airport,NCR,2013,Self-Service,29-07-2007,2,67.75,3,404.3,19496,113.31,1.79,2.6,7
ATM_703,Airport,NCR,2003,Full-Service,01-04-2016,2,33.6,2,623.19,7836,95.64,0.07,1.03,19
ATM_704,Shopping Mall,NCR,2012,Parts-Only,01-05-2019,5,50.49,2,384.36,10693,104.58,3.98,3.45,12
ATM_705,Standalone,Diebold,2002,Self-Service,20-05-2010,1,25.84,4,297.29,8293,107.04,0.9,3.17,12
ATM_706,Bank Branch,Wincor Nixdorf,2017,Self-Service,14-04-2024,2,33.15,0,739.29,10285,100.65,4.46,4.1,23
ATM_707,Shopping Mall,Wincor Nixdorf,2012,Self-Service,31-10-2013,1,50.49,3,605.09,2903,73.44,0.22,2.27,3
ATM_708,Bank Branch,NCR,2018,Full-Service,23-10-2014,1,54.17,5,515.84,17105,91.44,3.8,1.23,11
ATM_709,Shopping Mall,NCR,2006,Full-Service,12-09-2020,2,46.74,4,504.05,5136,107.43,2.65,1.85,12
ATM_710,Standalone,Diebold,2001,Parts-Only,03-04-2023,5,45.41,1,301.76,1652,75.48,4.68,3.95,14
ATM_711,Shopping Mall,Wincor Nixdorf,2006,Full-Service,16-05-2010,2,52.52,2,481.84,4499,113.22,3.14,3.71,16
ATM_712,Bank Branch,Diebold,2010,Parts-Only,29-09-2019,2,50.49,3,258.41,10191,92.21,1.92,1.64,4
ATM_713,Standalone,Wincor Nixdorf,2019,Self-Service,31-05-2018,6,53.16,4,557.7,17709,85.93,0.82,2.6,3
ATM_714,Bank Branch,NCR,2017,Full-Service,20-05-2004,2,50.49,3,613.71,5549,72.88,3.51,2.6,1
ATM_715,Bank Branch,Diebold,2019,Full-Service,24-08-2018,1,50.49,3,709.16,19797,131.99,3.34,0.53,9
ATM_716,Standalone,Diebold,2006,Full-Service,05-03-2017,3,47.69,0,558.48,11409,97.36,0.88,1.38,21
ATM_717,Shopping Mall,Diebold,2004,Full-Service,04-04-2008,0,37.97,5,655,2351,100.65,0.94,2.5,7
ATM_718,Shopping Mall,Wincor Nixdorf,2005,Full-Service,24-02-2001,1,43.73,7,334.24,10191,90.31,3.03,1.41,13
ATM_719,Airport,Wincor Nixdorf,2006,Self-Service,21-03-2003,2,51.31,1,534.51,17603,57.35,0.81,1.67,8
ATM_720,Bank Branch,NCR,2004,Parts-Only,06-11-2023,2,47.41,6,287.06,15065,88.61,2.42,2.73,15
ATM_721,Standalone,NCR,2012,Full-Service,02-07-2015,3,37.92,2,626.98,18632,65.68,3.95,2.97,3
ATM_722,Standalone,Diebold,2021,Parts-Only,10-02-2014,2,29.53,2,727.06,19512,100.65,2.65,1.33,13
ATM_723,Standalone,NCR,2005,Parts-Only,30-07-2001,1,36.34,2,501.2,10191,119.32,1.94,1.66,18
ATM_724,Standalone,NCR,2012,Full-Service,03-07-2018,1,63.79,5,542.16,17796,113.52,2.57,3.29,18
ATM_725,Bank Branch,NCR,2010,Parts-Only,24-01-2018,5,45.77,4,504.05,6458,79.19,2.65,2.64,23
ATM_726,Airport,NCR,2019,Self-Service,07-11-2004,1,64.35,4,599.36,12509,110.57,0.78,0.85,8
ATM_727,Shopping Mall,Wincor Nixdorf,2002,Self-Service,17-03-2013,2,50.49,3,385.05,15420,65.7,2.64,4.45,15
ATM_728,Airport,NCR,2015,Full-Service,01-01-2012,1,25.24,3,330.02,1991,89.27,0.02,4.15,14
ATM_729,Bank Branch,Diebold,2012,Full-Service,03-06-2002,4,12.7,2,629.71,9283,90.95,2.65,1.81,10
ATM_730,Shopping Mall,Wincor Nixdorf,2003,Parts-Only,17-04-2000,2,57.47,3,461.16,10075,88.61,2.63,0.05,10
ATM_731,Standalone,NCR,2018,Full-Service,04-10-2010,1,34.53,2,730.22,17338,67.39,0.32,0.1,12
ATM_732,Standalone,Diebold,2020,Full-Service,07-07-2019,3,56.74,2,697.63,14490,83.38,3.79,2.6,1
ATM_733,Shopping Mall,NCR,2009,Self-Service,03-06-2000,2,46.19,3,465.54,10191,118.83,0.3,2.6,12
ATM_734,Standalone,NCR,2020,Full-Service,11-11-2005,2,33.6,3,444.31,18682,100.65,2.54,0.34,3
ATM_735,Airport,Diebold,2023,Parts-Only,15-05-2000,3,70.5,4,368.93,15641,130.44,2.19,1.43,12
ATM_736,Standalone,Diebold,2020,Self-Service,02-11-2022,3,59.41,2,451.2,17042,104.22,4.95,2.89,3
ATM_737,Shopping Mall,NCR,2008,Parts-Only,03-06-2000,2,34.42,4,504.05,16580,120.97,4.97,4.76,7
ATM_738,Shopping Mall,Wincor Nixdorf,2012,Parts-Only,23-02-2024,2,29.84,2,502.4,9829,80.41,2.36,2,4
ATM_739,Standalone,Wincor Nixdorf,2012,Self-Service,03-10-2005,3,62.08,5,451.36,19317,101.3,3.65,2.15,20
ATM_740,Standalone,Diebold,2005,Self-Service,09-12-2012,0,67.52,3,644.78,11059,101.8,1.9,3.56,19
ATM_741,Bank Branch,Wincor Nixdorf,2012,Parts-Only,06-03-2012,2,57.29,1,479.07,8603,105.52,0.55,2.81,2
ATM_742,Shopping Mall,NCR,2021,Parts-Only,03-06-2000,3,60.32,3,492.63,14842,118.79,4.54,3.4,5
ATM_743,Shopping Mall,Diebold,2012,Self-Service,21-07-2019,3,35.52,2,467.18,10162,93.11,2.51,4.37,9
ATM_744,Bank Branch,Diebold,2012,Parts-Only,30-03-2009,5,56.58,4,475.9,4761,107.88,4.08,0.09,9
ATM_745,Airport,NCR,2002,Self-Service,22-07-2023,1,19.98,2,579.98,18894,132.34,1.23,3.49,3
ATM_746,Airport,NCR,2019,Parts-Only,20-02-2013,4,52.55,6,592.59,7814,119.36,2.29,4.47,16
ATM_747,Standalone,Diebold,2014,Full-Service,03-06-2000,4,58.01,0,460.52,1303,62.03,3.44,2.75,14
ATM_748,Bank Branch,Diebold,2013,Parts-Only,08-10-2017,1,65.49,3,289.54,2294,120.57,2.65,2.03,10
ATM_749,Standalone,NCR,2020,Self-Service,20-04-2000,2,48.35,4,747.52,10098,88.87,0.49,2.6,2
ATM_750,Standalone,Diebold,2015,Self-Service,19-03-2016,4,47.43,3,617.71,8819,100.65,4,3.66,7
ATM_751,Airport,NCR,2009,Parts-Only,18-10-2022,8,62.03,2,682.28,8337,111.47,3.21,1.49,11
ATM_752,Standalone,Wincor Nixdorf,2015,Full-Service,17-08-2009,2,64.53,2,438.33,19076,80.96,1.8,4,15
ATM_753,Shopping Mall,Diebold,2012,Parts-Only,22-06-2015,2,48.96,3,545.47,7288,116.6,4.82,3.26,2
ATM_754,Standalone,Wincor Nixdorf,2011,Self-Service,03-06-2000,3,42.59,4,632.86,3077,115.74,1.41,0.77,20
ATM_755,Standalone,Diebold,2018,Parts-Only,16-10-2012,0,58.65,4,684.95,2392,92.9,0.41,1.48,10
ATM_756,Airport,Wincor Nixdorf,2023,Parts-Only,04-11-2003,2,40.11,2,697,2746,103.16,2.65,2.61,1
ATM_757,Standalone,Diebold,2014,Parts-Only,22-10-2019,2,31.06,3,572,12243,57.41,0.97,4.75,5
ATM_758,Shopping Mall,Wincor Nixdorf,2000,Self-Service,17-05-2016,1,59.37,2,754.73,15730,74.85,4.6,5,12
ATM_759,Shopping Mall,NCR,2012,Full-Service,27-08-2021,2,34.89,3,388.07,5924,88.98,3.48,2.85,16
ATM_760,Shopping Mall,NCR,2018,Self-Service,04-08-2004,5,50.49,1,294.73,7625,131.58,2.13,2.6,4
ATM_761,Shopping Mall,Wincor Nixdorf,2010,Parts-Only,03-06-2000,2,50.49,7,428.99,13526,106.5,2.65,1.98,22
ATM_762,Standalone,Wincor Nixdorf,2015,Parts-Only,10-09-2014,1,34.54,0,665.33,1525,118.36,0.13,2.52,3
ATM_763,Standalone,Wincor Nixdorf,2006,Full-Service,25-02-2021,1,51.8,3,446.56,3434,96.77,1.55,2.6,2
ATM_764,Standalone,Diebold,2018,Parts-Only,15-02-2001,4,46.89,2,504.05,10154,94.1,2.13,2.88,6
ATM_765,Airport,Wincor Nixdorf,2008,Parts-Only,09-10-2021,1,30.8,1,450.31,3792,86.6,2.02,1.03,4
ATM_766,Standalone,Diebold,2017,Self-Service,19-08-2012,3,49.83,2,474.07,10191,98.73,3,0.27,12
ATM_767,Standalone,Wincor Nixdorf,2020,Self-Service,30-05-2015,1,38.7,6,810.93,16430,70.41,2.6,3.84,15
ATM_768,Airport,Diebold,2012,Full-Service,17-09-2010,1,53.27,5,459.26,9068,122.87,1.96,4.21,1
ATM_769,Standalone,NCR,2009,Full-Service,29-09-2008,2,59.27,2,143.38,17136,97.77,2.33,4.14,13
ATM_770,Standalone,Wincor Nixdorf,2002,Full-Service,03-06-2000,1,67.38,3,412.76,9525,48.52,2.06,3,20
ATM_771,Bank Branch,Wincor Nixdorf,2012,Parts-Only,06-06-2008,2,40.92,8,338.99,13983,72.3,2.89,0.76,8
ATM_772,Standalone,Diebold,2007,Self-Service,22-12-2009,2,23.3,6,609.75,3275,103.98,2.53,3.65,12
ATM_773,Standalone,NCR,2014,Parts-Only,07-03-2003,1,68.13,2,541,14415,96.55,2.65,2.6,5
ATM_774,Shopping Mall,Diebold,2003,Self-Service,16-03-2018,0,50.01,1,504.05,3247,110.59,2.19,2.6,18
ATM_775,Shopping Mall,Diebold,2013,Full-Service,04-01-2002,0,236.64,5,432.89,3937,102.81,4.72,2.6,11
ATM_776,Airport,NCR,2022,Self-Service,03-06-2000,0,47.77,3,5639.37,3244,89.01,1.61,2.85,2
ATM_777,Bank Branch,NCR,2000,Parts-Only,12-03-2006,4,60.35,4,527.17,13140,99.48,4.82,0.63,19
ATM_778,Shopping Mall,NCR,2003,Parts-Only,23-03-2024,2,19.91,3,323.88,9607,100.65,3.11,4.46,3
ATM_779,Airport,NCR,2011,Self-Service,30-10-2010,0,52.49,1,569.47,11873,61.55,3.55,2.86,22
ATM_780,Standalone,Diebold,2012,Self-Service,12-06-2021,3,44.47,3,627.23,1458,62.8,0.18,5,16
ATM_781,Bank Branch,Diebold,2009,Self-Service,03-12-2021,2,53.39,4,236.9,5837,100.65,4.56,3.58,12
ATM_782,Shopping Mall,Diebold,2016,Full-Service,22-07-2008,0,59.13,4,629.46,9665,100.65,0.32,1.42,2
ATM_783,Bank Branch,Wincor Nixdorf,2014,Self-Service,27-08-2006,2,54.09,1,374.08,10191,104.07,2.9,4.53,13
ATM_784,Airport,Diebold,2004,Full-Service,30-07-2015,2,41.55,1,419.58,17872,117.18,3.06,1.22,8
ATM_785,Standalone,Diebold,2002,Full-Service,08-01-2013,2,63.53,3,474.6,7637,115.93,0.36,1.01,2
ATM_786,Shopping Mall,Diebold,2011,Self-Service,14-11-2017,1,50.49,0,537.18,16043,104.68,4.84,2.27,12
ATM_787,Shopping Mall,Diebold,2018,Self-Service,21-10-2006,5,79.44,3,518.31,4228,111.74,4.95,4.63,16
ATM_788,Bank Branch,Diebold,2005,Self-Service,14-01-2020,1,64.14,3,479.1,13703,100.65,3.76,2.48,12
ATM_789,Airport,Diebold,2015,Parts-Only,05-02-2024,1,60.26,1,504.05,10191,98.11,4.42,2.68,16
ATM_790,Shopping Mall,Diebold,2007,Self-Service,15-05-2017,1,47.83,4,504.05,19402,119.52,2.68,4.31,5
ATM_791,Airport,NCR,2013,Self-Service,04-03-2021,1,50.49,4,668.56,9673,101.53,4.9,3.74,12
ATM_792,Standalone,Diebold,2000,Full-Service,28-12-2009,2,58.65,1,474.16,4613,88.35,1.38,3.69,9
ATM_793,Bank Branch,NCR,2012,Self-Service,25-08-2005,1,46.29,5,375.76,14338,118.79,1.2,1.86,17
ATM_794,Airport,Diebold,2012,Full-Service,22-08-2023,2,50.49,2,574.64,17834,82.69,3.36,1.83,21
ATM_795,Standalone,Diebold,2017,Full-Service,31-08-2006,2,72.57,3,766.07,10191,103.86,0.84,4.39,10
ATM_796,Shopping Mall,NCR,2001,Full-Service,01-02-2000,2,33.61,6,584.46,17171,76.97,2.15,2.6,17
ATM_797,Airport,Diebold,2022,Full-Service,24-04-2018,3,53,1,527.05,2203,99.89,3.77,1.74,3
ATM_798,Airport,Diebold,2002,Full-Service,20-04-2011,1,21.46,3,475.8,7865,69.23,2.65,4.59,21
ATM_799,Shopping Mall,Diebold,2017,Self-Service,26-02-2010,2,40.47,4,728.36,10191,90.51,2.65,1.76,15
ATM_800,Airport,Wincor Nixdorf,2015,Parts-Only,27-08-2007,2,72.88,9,605.74,10191,82.22,3.34,2.13,4
ATM_801,Standalone,Diebold,2017,Full-Service,02-01-2000,2,50.49,2,715.87,2325,132.27,2.8,3.6,3
ATM_802,Standalone,Diebold,2012,Full-Service,16-08-2003,3,65.07,2,446.06,12646,96.67,1.62,3.15,12
ATM_803,Standalone,Diebold,2003,Self-Service,22-07-2004,4,59.9,4,285.68,3351,84.52,0.19,2.64,2
ATM_804,Shopping Mall,Diebold,2003,Full-Service,03-06-2000,0,23.11,4,641.5,1144,75.56,3.15,3.44,2
ATM_805,Standalone,Diebold,2012,Full-Service,16-07-2002,1,67.34,2,610.95,4725,113.03,1.22,1.99,4
ATM_806,Bank Branch,NCR,2014,Parts-Only,22-12-2011,1,42.99,1,583.3,11247,69.82,3.5,1.45,12
ATM_807,Shopping Mall,Diebold,2012,Self-Service,03-06-2000,0,55.58,3,260.62,9871,91.54,2.83,4.64,12
ATM_808,Airport,Wincor Nixdorf,2009,Full-Service,13-05-2012,0,55.38,6,474.92,18195,94.79,4.35,2.72,19
ATM_809,Airport,Diebold,2022,Self-Service,27-06-2023,1,13.16,5,573.25,6528,97.23,3.45,1.73,16
ATM_810,Standalone,Wincor Nixdorf,2012,Self-Service,10-02-2020,1,57.35,9,504.05,16145,109.18,4.78,3.02,2
ATM_811,Standalone,Diebold,2022,Self-Service,12-11-2006,4,58.66,5,504.05,9475,92.56,2.65,2.6,15
ATM_812,Standalone,Wincor Nixdorf,2017,Parts-Only,11-09-2013,2,50.49,2,229.09,10191,99.61,3.98,1.92,19
ATM_813,Shopping Mall,Diebold,2010,Parts-Only,22-08-2022,1,83.89,3,511.95,4671,111.07,0.01,3.08,9
ATM_814,Shopping Mall,Diebold,2012,Parts-Only,21-12-2020,4,60.8,1,504.05,1963,129.47,1.07,4.7,15
ATM_815,Bank Branch,NCR,2011,Full-Service,19-11-2010,0,37.51,3,435.39,17105,77.72,3.96,0.48,12
ATM_816,Bank Branch,Wincor Nixdorf,2019,Full-Service,17-09-2014,2,47.89,2,678.87,8168,103.23,4.47,1.44,2
ATM_817,Standalone,Diebold,2013,Full-Service,03-06-2000,0,50.49,3,435.95,1362,84.56,0.57,3.08,12
ATM_818,Standalone,Wincor Nixdorf,2003,Parts-Only,27-09-2000,1,44.33,6,693.43,15629,95.05,1.88,4.68,21
ATM_819,Bank Branch,Wincor Nixdorf,2012,Parts-Only,17-12-2013,3,48.43,4,693.64,14140,166.41,4.04,3.85,2
ATM_820,Standalone,Diebold,2017,Parts-Only,11-02-2005,5,66.96,2,647.27,18654,70.9,4.93,3.1,22
ATM_821,Airport,Diebold,2021,Self-Service,03-06-2000,4,41.96,3,343.16,16012,112.65,0.68,2.92,22
ATM_822,Shopping Mall,Diebold,2016,Parts-Only,05-12-2006,3,79.82,0,504.05,17731,96.99,4.42,4.81,12
ATM_823,Standalone,Wincor Nixdorf,2012,Full-Service,23-05-2017,2,59.33,4,611.81,16916,66.19,1.85,0.05,7
ATM_824,Standalone,NCR,2011,Parts-Only,14-05-2014,3,32.71,3,516.24,14789,106.95,1.75,2.73,16
ATM_825,Standalone,NCR,2015,Self-Service,28-08-2009,5,40.45,3,386.2,7924,110.57,3.29,4.69,7
ATM_826,Shopping Mall,Wincor Nixdorf,2017,Full-Service,11-01-2006,2,40.68,2,496.74,5946,100.65,3.24,2.85,7
ATM_827,Airport,Wincor Nixdorf,2001,Full-Service,13-10-2013,4,34.65,2,577.38,5120,116.02,4.41,3.62,0
ATM_828,Standalone,Diebold,2016,Self-Service,03-06-2000,8,38.18,1,396.5,1586,68.33,4.7,0.22,11
ATM_829,Bank Branch,NCR,2012,Self-Service,08-05-2001,1,34.46,1,298.34,10191,104.11,2.38,0.71,14
ATM_830,Bank Branch,Wincor Nixdorf,2023,Full-Service,22-11-2022,0,45.59,5,411.27,10191,109.57,3.67,4.71,14
ATM_831,Standalone,Diebold,2020,Parts-Only,18-07-2016,1,75.88,2,468.36,7478,105.63,2.92,2.19,12
ATM_832,Bank Branch,Diebold,2012,Parts-Only,03-06-2000,4,49.98,3,364.17,15884,100.65,1.58,3.21,15
ATM_833,Standalone,Wincor Nixdorf,2023,Self-Service,29-07-2021,3,57.67,0,260.45,16789,98.16,1.79,1.34,23
ATM_834,Bank Branch,NCR,2013,Self-Service,01-04-2004,2,33.91,5,594.33,11203,82.42,3,0.5,15
ATM_835,Standalone,Wincor Nixdorf,2021,Self-Service,09-12-2005,2,64.23,3,319.66,19903,100.65,2.9,0.4,2
ATM_836,Standalone,Diebold,2015,Parts-Only,22-10-2011,1,42.92,5,504.05,11801,95.04,2.65,3.86,1
ATM_837,Standalone,Wincor Nixdorf,2010,Self-Service,03-06-2000,0,57.23,2,452.2,16010,86.41,3.68,4.66,19
ATM_838,Airport,Wincor Nixdorf,2023,Full-Service,01-07-2008,2,50.49,5,441.05,12190,99.55,0.38,4.72,9
ATM_839,Standalone,NCR,2006,Self-Service,26-12-2011,0,36.55,4,493.15,12249,90.08,1.83,3,15
ATM_840,Shopping Mall,Wincor Nixdorf,2012,Full-Service,14-10-2005,2,50.49,3,394.45,8253,99.02,3.78,3.85,14
ATM_841,Bank Branch,Wincor Nixdorf,2016,Full-Service,08-12-2004,1,35.08,3,370.09,18535,75.86,3.66,2.37,12
ATM_842,Bank Branch,Diebold,2000,Self-Service,01-08-2003,0,72.7,5,638.86,13341,108.54,3.06,4.17,21
ATM_843,Airport,Wincor Nixdorf,2004,Full-Service,04-06-2024,2,29.56,2,585.48,1368,113.95,2.9,2.07,16
ATM_844,Standalone,Diebold,2000,Parts-Only,11-07-2012,3,38.15,6,303.99,11165,100.65,2.65,4.02,5
ATM_845,Bank Branch,Wincor Nixdorf,2002,Self-Service,02-02-2006,2,50.49,3,538.69,8418,117.53,1.96,1,22
ATM_846,Standalone,Wincor Nixdorf,2008,Self-Service,14-06-2001,2,50.49,3,518.48,10191,81.37,0.12,2.08,0
ATM_847,Standalone,Wincor Nixdorf,2009,Full-Service,10-02-2016,1,33.24,3,639.68,8790,114.7,3.39,3.78,2
ATM_848,Standalone,Diebold,2011,Parts-Only,15-08-2000,0,50.91,2,357.94,7564,86.16,2.62,1.98,14
ATM_849,Shopping Mall,Wincor Nixdorf,2018,Self-Service,31-08-2017,0,50.49,1,769.07,19738,100.65,2.55,2.6,3
ATM_850,Bank Branch,Wincor Nixdorf,2003,Self-Service,03-06-2000,3,50.49,4,591.41,6893,83.8,2.31,2.55,15
ATM_851,Shopping Mall,Wincor Nixdorf,2019,Self-Service,23-06-2015,2,59.46,6,494.3,5468,114.83,1.79,2.6,0
ATM_852,Shopping Mall,NCR,2007,Parts-Only,15-01-2006,2,65.24,3,591.63,6034,100.65,2.65,3.92,2
ATM_853,Standalone,NCR,2007,Self-Service,22-12-2018,1,35.34,3,462.1,11214,100.65,4.38,4.5,10
ATM_854,Standalone,NCR,2002,Parts-Only,10-12-2015,2,51.84,4,589.7,16563,82.09,4.35,4.08,5
ATM_855,Shopping Mall,NCR,2012,Self-Service,04-12-2003,3,49.73,3,468.59,4457,70.62,4.46,1.7,12
ATM_856,Standalone,Diebold,2019,Full-Service,09-09-2006,2,43.39,3,504.05,11752,100.65,2.65,0.25,0
ATM_857,Shopping Mall,NCR,2020,Parts-Only,18-08-2002,3,50.07,3,686.39,12805,80.63,2.65,3.09,2
ATM_858,Bank Branch,Wincor Nixdorf,2017,Full-Service,01-06-2016,1,53.43,3,526.74,11787,100.65,4.47,1.81,20
ATM_859,Shopping Mall,Diebold,2004,Self-Service,03-06-2000,2,43.82,6,426.18,14980,90.99,3.71,3.61,20
ATM_860,Airport,Wincor Nixdorf,2000,Parts-Only,12-10-2023,0,43.35,2,657.65,10958,122.37,1.28,2.6,8
ATM_861,Standalone,Diebold,2012,Self-Service,23-07-2021,2,78.68,3,228.71,4488,139.85,4.99,4.03,17
ATM_862,Shopping Mall,NCR,2019,Full-Service,11-07-2014,4,71.99,1,656.07,8027,88.82,0.23,1.66,19
ATM_863,Standalone,Wincor Nixdorf,2023,Self-Service,04-05-2012,3,51.17,3,670.93,3767,113.41,0.02,0.84,12
ATM_864,Airport,NCR,2002,Parts-Only,23-06-2010,1,70.89,4,680.46,3398,84.13,0.6,2.04,6
ATM_865,Standalone,Diebold,2021,Parts-Only,23-08-2013,1,56.89,5,782.67,9234,109.81,1.37,0.34,17
ATM_866,Airport,Diebold,2000,Self-Service,25-07-2012,3,50.17,4,504.05,18784,81.37,2.65,3.08,16
ATM_867,Bank Branch,Diebold,2012,Parts-Only,11-09-2023,3,33.68,2,504.05,18553,100.65,2.65,3.4,12
ATM_868,Shopping Mall,Diebold,2012,Parts-Only,29-08-2000,1,49.9,1,651.07,1735,75.42,0.62,3.89,16
ATM_869,Airport,NCR,2012,Parts-Only,03-06-2000,0,48.51,3,805.07,12323,107.19,4.36,2.6,13
ATM_870,Standalone,Diebold,2012,Parts-Only,03-06-2000,0,34.94,3,708.78,17732,102.11,4.81,2.67,12
ATM_871,Shopping Mall,Diebold,2018,Full-Service,29-12-2017,2,50.49,4,366.3,13736,74.9,4.19,2.75,4
ATM_872,Standalone,Wincor Nixdorf,2019,Self-Service,02-09-2009,5,50.49,1,596.8,14688,106.75,3.52,0.35,15
ATM_873,Airport,NCR,2022,Full-Service,28-08-2017,3,54.5,4,379.57,15261,140.07,0.08,2.6,22
ATM_874,Airport,Diebold,2023,Self-Service,15-03-2020,1,64.03,2,409.81,11461,110.41,3.95,0.46,22
ATM_875,Bank Branch,NCR,2001,Full-Service,03-06-2000,1,39.76,1,504.05,9898,70.01,1.48,3.74,4
ATM_876,Standalone,NCR,2009,Full-Service,02-03-2017,2,47.73,2,391.97,14666,118.01,4.33,4.7,5
ATM_877,Shopping Mall,Wincor Nixdorf,2010,Parts-Only,01-03-2009,2,59.45,1,796.59,7034,134.19,1.52,4.57,3
ATM_878,Standalone,Diebold,2012,Full-Service,04-01-2007,3,35.06,3,559.17,2935,78.71,0.65,2.18,15
ATM_879,Bank Branch,Diebold,2012,Full-Service,29-09-2019,1,45.76,2,819.91,3158,100.65,3.63,2.6,20
ATM_880,Bank Branch,Wincor Nixdorf,2017,Self-Service,03-11-2010,1,50.72,5,479.28,16276,102.36,1.4,2.17,22
ATM_881,Standalone,Diebold,2002,Parts-Only,02-09-2003,3,34.85,4,533.06,6954,100.65,2.14,4.94,19
ATM_882,Bank Branch,NCR,2006,Self-Service,03-06-2000,2,54.04,4,402.08,2270,98.36,4.1,4.09,8
ATM_883,Airport,Diebold,2023,Parts-Only,03-11-2013,4,49.33,6,504.05,12070,100.65,2.65,2.6,3
ATM_884,Standalone,Diebold,2007,Parts-Only,19-01-2014,2,50.49,5,465.33,15769,126.1,2.89,2.83,21
ATM_885,Standalone,NCR,2013,Self-Service,09-03-2017,4,49.71,3,389.9,5594,102.15,4.52,2.62,9
ATM_886,Standalone,Wincor Nixdorf,2013,Self-Service,27-07-2008,0,50.49,6,225,2085,118.85,1.43,3.6,10
ATM_887,Airport,NCR,2019,Full-Service,01-07-2019,1,50.49,3,456.74,11842,100.65,4.72,2.22,13
ATM_888,Standalone,Wincor Nixdorf,2010,Parts-Only,15-04-2024,2,63.56,2,521.01,2022,58.85,3.14,2.1,10
ATM_889,Standalone,Wincor Nixdorf,2016,Self-Service,13-01-2002,0,44.59,2,743.91,10191,82.52,4.47,1.76,13
ATM_890,Bank Branch,Diebold,2012,Self-Service,11-01-2023,3,50.49,1,252.45,10191,61.28,2.54,4.75,1
ATM_891,Standalone,Wincor Nixdorf,2006,Self-Service,26-01-2002,2,53.42,0,358.74,7756,91.45,3.44,0.82,10
ATM_892,Standalone,NCR,2012,Full-Service,10-07-2022,1,50.4,5,621.39,19766,104.88,4.97,4.77,2
ATM_893,Standalone,Diebold,2012,Self-Service,04-07-2014,1,62.88,1,63.87,4499,75.77,2.35,1.81,2
ATM_894,Standalone,Diebold,2018,Full-Service,16-09-2004,1,50.49,2,588.93,11875,87.77,2.52,1.55,17
ATM_895,Standalone,NCR,2023,Self-Service,04-01-2022,2,75.16,6,648.35,10191,79.01,2.73,0.55,4
ATM_896,Bank Branch,Wincor Nixdorf,2008,Self-Service,03-06-2000,1,50.15,2,504.05,13393,144.53,4.96,4.43,7
ATM_897,Airport,NCR,2019,Parts-Only,17-10-2021,3,56.02,1,354.58,14905,88.4,3.82,3.37,14
ATM_898,Bank Branch,Diebold,2008,Self-Service,28-09-2008,2,25.96,3,444.31,9091,106.72,0.83,4.53,15
ATM_899,Standalone,Diebold,2005,Self-Service,20-10-2012,2,66.03,2,696.14,17996,147.45,2.65,3.19,1
ATM_900,Bank Branch,NCR,2012,Self-Service,25-02-2004,3,70.68,3,456.18,19572,88.54,4.31,2.6,23
ATM_901,Shopping Mall,Wincor Nixdorf,2018,Self-Service,30-06-2013,1,50.49,1,3384.4,10191,86.12,3.13,0.91,3
ATM_902,Bank Branch,NCR,2014,Full-Service,13-04-2000,0,65.81,3,322.98,12649,69.89,1.58,2.97,10
ATM_903,Shopping Mall,NCR,2019,Parts-Only,06-10-2004,1,61.57,8,533.02,19092,98.24,4.71,4.07,23
ATM_904,Bank Branch,NCR,2010,Self-Service,06-01-2009,1,44.33,3,438.71,16780,82.31,0.2,4.8,21
ATM_905,Bank Branch,NCR,2005,Parts-Only,29-08-2017,0,57.85,6,468.22,15534,83.05,0.05,0.56,12
ATM_906,Standalone,NCR,2017,Full-Service,16-08-2006,1,47.74,2,488.89,14572,103.18,0.56,4.15,1
ATM_907,Shopping Mall,NCR,2004,Parts-Only,08-03-2003,2,25.33,6,302.23,14534,81.12,1.03,1.61,1
ATM_908,Standalone,NCR,2006,Self-Service,13-01-2000,4,54.71,3,201.17,5143,80.08,2.65,2.6,0
ATM_909,Standalone,Wincor Nixdorf,2012,Parts-Only,28-05-2003,2,41.35,3,602.46,6588,44.76,4.29,2.6,17
ATM_910,Shopping Mall,Wincor Nixdorf,2021,Parts-Only,27-11-2009,3,68.74,3,504.02,1334,102.97,2.67,4.72,12
ATM_911,Standalone,Wincor Nixdorf,2016,Self-Service,20-07-2009,1,64.87,2,599.89,6416,100.65,2.61,0.18,16
ATM_912,Shopping Mall,NCR,2012,Self-Service,31-07-2000,1,53.23,2,684.5,15261,149.84,4.87,2.6,16
ATM_913,Standalone,Wincor Nixdorf,2008,Self-Service,14-06-2009,2,57.04,3,445.86,2448,140.52,2.73,2.69,6
ATM_914,Standalone,Wincor Nixdorf,2023,Parts-Only,03-06-2000,1,34.2,3,504.05,17725,104.3,4.7,0.72,21
ATM_915,Bank Branch,NCR,2012,Self-Service,01-10-2017,5,54.1,0,359.65,3313,115.08,1.13,2.76,17
ATM_916,Standalone,Wincor Nixdorf,2010,Self-Service,24-11-2003,2,47.92,0,304.26,15801,113.64,4.8,1.26,12
ATM_917,Standalone,NCR,2012,Self-Service,29-07-2023,3,56.06,2,484.96,2874,34.21,2.67,0.42,6
ATM_918,Standalone,NCR,2003,Self-Service,24-07-2017,2,50.6,6,691.65,2898,114.4,1.37,4.93,13
ATM_919,Airport,Diebold,2013,Self-Service,26-01-2022,1,37.05,5,633.18,14677,100.65,0.49,2.6,12
ATM_920,Shopping Mall,Diebold,2011,Parts-Only,30-06-2014,2,33.23,3,742.28,3254,80.67,3.59,2.37,12
ATM_921,Standalone,NCR,2016,Parts-Only,05-12-2017,2,59,2,662.25,4621,90.7,3.3,1.74,7
ATM_922,Shopping Mall,Diebold,2019,Full-Service,13-04-2024,2,63.26,2,662.96,11335,118.71,3.69,0.39,21
ATM_923,Standalone,Diebold,2018,Full-Service,03-09-2012,2,74.53,3,508.27,12471,106.71,1.47,3.8,12
ATM_924,Standalone,Diebold,2002,Full-Service,11-11-2015,2,60.63,4,531.62,11273,132.86,2.65,1.4,2
ATM_925,Airport,NCR,2016,Parts-Only,03-06-2000,2,55.7,1,412.1,7895,107.84,2.41,3.07,16
ATM_926,Standalone,Wincor Nixdorf,2011,Self-Service,20-09-2007,2,69.24,5,165.38,9104,84.56,1.19,4.93,5
ATM_927,Bank Branch,Diebold,2023,Parts-Only,18-09-2014,3,27.47,2,552.74,3415,74.25,3.82,1.69,21
ATM_928,Airport,Diebold,2003,Parts-Only,11-08-2023,4,40.1,3,437.72,17594,88.62,2.37,4.11,20
ATM_929,Airport,Wincor Nixdorf,2004,Self-Service,23-05-2020,3,43.32,2,713.93,2984,92.01,4.74,4.69,21
ATM_930,Standalone,Diebold,2014,Self-Service,07-12-2015,2,46.97,1,504.05,7245,87.49,3.26,3.73,8
ATM_931,Shopping Mall,NCR,2016,Parts-Only,04-11-2006,2,59.31,2,392.86,15078,79.56,1.65,4.05,23
ATM_932,Shopping Mall,Diebold,2018,Parts-Only,13-02-2013,1,27.8,6,539.53,7557,144.64,0.93,2.08,12
ATM_933,Bank Branch,NCR,2003,Full-Service,06-02-2007,2,54.63,3,623.44,10888,119.29,3.46,4.93,2
ATM_934,Standalone,Diebold,2020,Parts-Only,12-06-2018,2,61.98,3,420.29,16319,117.76,1.71,2.32,4
ATM_935,Bank Branch,Wincor Nixdorf,2002,Full-Service,23-11-2021,3,50.49,2,453.56,19856,74.79,0.99,3.02,18
ATM_936,Airport,Diebold,2007,Self-Service,30-09-2002,1,50.49,1,376.77,10291,97.93,2.67,0.11,20
ATM_937,Shopping Mall,NCR,2012,Full-Service,03-06-2000,1,366.95,3,302.66,10191,112.88,1.56,4.89,4
ATM_938,Standalone,Diebold,2011,Parts-Only,26-04-2003,4,64.7,5,598.41,15077,108.79,2.86,4.15,17
ATM_939,Airport,NCR,2020,Self-Service,09-08-2004,0,80.97,6,431.24,3665,100.12,4.86,2.6,4
ATM_940,Airport,Wincor Nixdorf,2006,Self-Service,04-06-2015,2,51.97,2,280.58,10191,100.65,1.52,4.13,22
ATM_941,Airport,Diebold,2008,Full-Service,21-01-2008,2,52.23,3,463.81,8936,90.26,2.65,4.13,10
ATM_942,Standalone,Wincor Nixdorf,2023,Full-Service,22-05-2008,2,42.31,2,272.15,6539,109.29,3.68,3.62,23
ATM_943,Bank Branch,NCR,2013,Full-Service,17-04-2006,2,64.33,5,504.05,10191,79.57,0.52,4.05,6
ATM_944,Shopping Mall,NCR,2000,Self-Service,16-03-2007,2,86.76,5,417.69,17152,99.49,4.66,4.78,1
ATM_945,Standalone,Diebold,2022,Full-Service,14-11-2023,1,67.72,3,600.89,1615,87.85,0.86,1.96,2
ATM_946,Standalone,Wincor Nixdorf,2002,Full-Service,03-07-2004,0,60.17,1,536.62,8617,129.92,3.78,2.6,9
ATM_947,Airport,Diebold,2004,Full-Service,16-11-2004,0,3.31,7,504.05,18647,133.63,3.01,3.85,14
ATM_948,Shopping Mall,NCR,2006,Full-Service,18-10-2013,2,41.86,2,892.21,17373,126.97,0.72,1.83,22
ATM_949,Shopping Mall,Wincor Nixdorf,2003,Full-Service,25-03-2009,1,57.39,3,579.39,15442,100.88,2.66,1.88,15
ATM_950,Shopping Mall,NCR,2005,Full-Service,20-12-2006,2,50.49,3,383.41,3059,100.94,1.37,3.34,0
ATM_951,Shopping Mall,Diebold,2018,Self-Service,03-07-2017,4,19.63,3,278.07,2442,130.84,0.3,2.37,18
ATM_952,Bank Branch,Diebold,2021,Full-Service,14-09-2006,2,50.15,5,583.35,10191,99.89,2.65,0.64,2
ATM_953,Bank Branch,Wincor Nixdorf,2013,Full-Service,07-07-2007,0,50.49,6,600.42,19128,94.7,4.56,4.69,11
ATM_954,Shopping Mall,Diebold,2011,Self-Service,07-07-2000,3,41.58,2,523.8,7326,89.37,2.23,4.56,9
ATM_955,Airport,Diebold,2011,Self-Service,02-06-2020,0,49.81,4,495.89,6259,81.36,4.51,2.6,12
ATM_956,Bank Branch,NCR,2003,Self-Service,14-06-2020,2,80.51,1,571.07,6504,61.31,2.65,3.85,21
ATM_957,Airport,Diebold,2019,Self-Service,27-11-2018,3,85.26,4,726.4,7093,99.91,0.2,3.36,7
ATM_958,Airport,NCR,2003,Self-Service,25-01-2024,3,42.97,2,599.91,4420,122.99,1.93,2.57,23
ATM_959,Standalone,NCR,2014,Self-Service,12-01-2013,1,37.34,3,462.99,18701,116.32,3.1,1.12,6
ATM_960,Standalone,Wincor Nixdorf,2009,Full-Service,10-09-2020,0,35.75,3,382.38,15694,94.54,2.65,4.05,5
ATM_961,Shopping Mall,Wincor Nixdorf,2011,Full-Service,14-03-2020,1,65.94,2,537.44,10191,100.65,4.93,3.49,22
ATM_962,Standalone,NCR,2018,Full-Service,09-10-2013,1,40.33,3,531.39,19435,88.81,1.1,1.23,12
ATM_963,Standalone,Wincor Nixdorf,2000,Self-Service,17-07-2003,2,50.49,5,458.57,6788,76.88,3.66,4.58,14
ATM_964,Shopping Mall,Diebold,2006,Parts-Only,03-06-2000,4,40.73,2,594.76,11331,88.14,2.62,0.52,18
ATM_965,Standalone,Diebold,2023,Full-Service,21-09-2003,1,51.37,1,610.69,2028,102.97,4.24,3.64,12
ATM_966,Bank Branch,Diebold,2014,Self-Service,18-07-2020,2,50.49,1,820.99,8295,87.65,4.46,1.83,18
ATM_967,Shopping Mall,NCR,2012,Parts-Only,06-03-2007,2,46.15,3,521.31,2919,115.71,0.72,1.37,23
ATM_968,Airport,Diebold,2017,Self-Service,16-08-2002,2,39.16,9,399.86,12073,97.65,3.62,4.81,22
ATM_969,Bank Branch,NCR,2018,Self-Service,13-03-2015,3,67,5,394.75,9849,122.44,4.73,2.26,6
ATM_970,Shopping Mall,NCR,2014,Full-Service,14-10-2003,2,75.73,2,712.48,4691,106.64,1.32,2.6,1
ATM_971,Standalone,Diebold,2010,Self-Service,28-12-2018,0,31.45,6,659.57,16823,94.86,4.97,1.46,2
ATM_972,Airport,Wincor Nixdorf,2006,Self-Service,27-01-2022,0,50.49,3,437.02,3354,89.65,2.75,1.91,10
ATM_973,Standalone,Diebold,2006,Parts-Only,07-07-2002,1,57.74,3,329.67,8355,90.71,3.25,2.6,3
ATM_974,Airport,NCR,2002,Parts-Only,12-09-2010,3,32.42,3,504.05,2384,112.12,2.09,4.13,15
ATM_975,Bank Branch,Diebold,2022,Full-Service,14-07-2022,2,49.98,4,791.67,6159,118.74,3.72,2.74,22
ATM_976,Standalone,Diebold,2004,Self-Service,05-07-2006,3,31.02,3,604.07,3858,102.03,0.25,4.85,13
ATM_977,Standalone,NCR,2011,Self-Service,18-11-2004,5,65.79,3,504.05,17333,100.65,0.58,2.6,5
ATM_978,Airport,NCR,2020,Full-Service,26-12-2010,2,43.01,3,519.77,2924,132.67,3.15,1.58,11
ATM_979,Shopping Mall,Diebold,2022,Parts-Only,15-04-2009,2,49.71,3,297.38,5953,118.03,2.65,4.1,11
ATM_980,Shopping Mall,Diebold,2012,Self-Service,07-01-2004,3,23.3,1,387.48,15969,100.65,0.69,0.97,16
ATM_981,Airport,Wincor Nixdorf,2008,Self-Service,15-02-2012,0,50.49,3,506.21,4474,114.5,1.63,2.6,22
ATM_982,Shopping Mall,Diebold,2004,Self-Service,19-05-2012,1,55.74,4,309.87,17230,122.09,4.62,3.75,18
ATM_983,Standalone,Diebold,2012,Parts-Only,21-06-2011,2,44.27,1,307.55,5629,85.34,4.53,2.87,21
ATM_984,Standalone,Wincor Nixdorf,2022,Self-Service,22-02-2016,4,37.08,5,595.48,1782,125.15,0.78,0.94,11
ATM_985,Bank Branch,NCR,2009,Self-Service,12-03-2012,2,56.93,2,554.08,5265,136.68,0.1,0.31,6
ATM_986,Airport,Diebold,2018,Full-Service,24-05-2003,5,29.22,3,441.78,5037,84.41,3.74,0.25,12
ATM_987,Standalone,Wincor Nixdorf,2021,Self-Service,20-11-2018,2,50.65,3,497.61,5722,97,2.31,1.62,14
ATM_988,Airport,Diebold,2015,Full-Service,28-02-2024,3,65.73,4,504.05,8279,77.7,0.86,3.53,20
ATM_989,Shopping Mall,Wincor Nixdorf,2019,Self-Service,15-01-2004,1,37.37,2,681.88,4575,104.65,2.91,1.39,12
ATM_990,Bank Branch,Wincor Nixdorf,2003,Parts-Only,29-05-2009,3,64.59,3,250.55,13773,66.88,2.65,3.36,7
ATM_991,Bank Branch,NCR,2003,Self-Service,31-01-2000,2,51.79,3,275.57,11869,151.32,3.06,1.7,6
ATM_992,Airport,Diebold,2017,Full-Service,11-10-2006,0,44.8,3,461.41,9733,115.26,4.74,2.46,16
ATM_993,Shopping Mall,NCR,2012,Parts-Only,05-04-2008,0,38.88,4,579.91,12086,103.53,2.65,4.91,6
ATM_994,Standalone,Diebold,2016,Full-Service,03-12-2022,0,45.7,3,504.05,10072,124.86,2.51,0.58,13
ATM_995,Shopping Mall,Diebold,2021,Full-Service,01-10-2013,3,25.95,2,504.05,3066,128.77,1.84,2.6,18
ATM_996,Standalone,Diebold,2003,Self-Service,03-09-2011,1,42.51,2,504.05,10191,91.42,3.66,2.05,12
ATM_997,Airport,Wincor Nixdorf,2012,Self-Service,18-08-2014,1,34.87,3,691.61,16783,101.95,0.87,4.64,20
ATM_998,Standalone,Diebold,2006,Full-Service,13-07-2019,1,50.49,5,112.73,17981,104.07,2.65,2.08,17
ATM_999,Airport,Diebold,2012,Self-Service,07-11-2016,3,85.16,3,508.49,9789,74.22,0.5,3.6,1
ATM_1000,Standalone,NCR,2018,Parts-Only,29-11-2022,3,36.54,3,279.51,11720,122.89,3.9,2.9,21
